node_kind,node_id,name_en,latitude,longitude,osm_fclass,match_quality,source
place,PLC0008,Ansar Camp,23.7911259,90.3535922,bus_stop,name,CommuteBD_Bangladesh_Master_v1 (OpenStreetMap)
place,PLC0010,Arambagh,23.7320132,90.4208222,bus_stop,name,CommuteBD_Bangladesh_Master_v1 (OpenStreetMap)
place,PLC0012,Asad Gate,23.7604243,90.3729894,bus_stop,name,CommuteBD_Bangladesh_Master_v1 (OpenStreetMap)
place,PLC0014,Ashulia,23.8978690,90.3307080,bus_stop,name,CommuteBD_Bangladesh_Master_v1 (OpenStreetMap)
place,PLC0015,Ashulia (Fantasy Kingdom),23.8978690,90.3307080,bus_stop,name,CommuteBD_Bangladesh_Master_v1 (OpenStreetMap)
place,PLC0017,Azampur,23.8679920,90.4001848,bus_stop,exact,CommuteBD_Bangladesh_Master_v1 (OpenStreetMap)
place,PLC0018,Azimpur,23.7274628,90.3864092,bus_stop,subset,CommuteBD_Bangladesh_Master_v1 (OpenStreetMap)
place,PLC0019,Azimpur (Dhakeswari),23.7274628,90.3864092,bus_stop,subset,CommuteBD_Bangladesh_Master_v1 (OpenStreetMap)
place,PLC0020,Babu Bazar,23.7091054,90.4026334,ferry_terminal,subset,CommuteBD_Bangladesh_Master_v1 (OpenStreetMap)
place,PLC0023,Badda,23.7857042,90.4256113,bus_stop,subset,CommuteBD_Bangladesh_Master_v1 (OpenStreetMap)
place,PLC0027,Bagmara,23.3366297,91.1449935,bus_stop,name,CommuteBD_Bangladesh_Master_v1 (OpenStreetMap)
place,PLC0029,Baipail,23.9380780,90.2697628,bus_stop,name,CommuteBD_Bangladesh_Master_v1 (OpenStreetMap)
place,PLC0030,Bakshibazar,23.7223025,90.3955152,bus_stop,exact,CommuteBD_Bangladesh_Master_v1 (OpenStreetMap)
place,PLC0041,Baniajuri,23.8504240,89.9409860,bus_stop,exact,CommuteBD_Bangladesh_Master_v1 (OpenStreetMap)
place,PLC0043,Baruakhali,23.6716923,90.0767141,village,exact,CommuteBD_Bangladesh_Master_v1 (OpenStreetMap)
place,PLC0049,Beraid,23.8021030,90.4817918,ferry_terminal,subset,CommuteBD_Bangladesh_Master_v1 (OpenStreetMap)
place,PLC0050,Beribadh,23.8923998,90.3614806,bus_stop,subset,CommuteBD_Bangladesh_Master_v1 (OpenStreetMap)
place,PLC0054,Bhulta,23.7845855,90.5652836,bus_station,name,CommuteBD_Bangladesh_Master_v1 (OpenStreetMap)
place,PLC0055,Bhulta (Gausia),23.7845855,90.5652836,bus_station,name,CommuteBD_Bangladesh_Master_v1 (OpenStreetMap)
place,PLC0061,Board Bazar,23.9446368,90.3827133,bus_stop,name,CommuteBD_Bangladesh_Master_v1 (OpenStreetMap)
place,PLC0070,Chandra,24.0470310,90.2391500,bus_stop,exact,CommuteBD_Bangladesh_Master_v1 (OpenStreetMap)
place,PLC0071,Chankharpul,23.7238542,90.4002639,bus_stop,name,CommuteBD_Bangladesh_Master_v1 (OpenStreetMap)
place,PLC0072,Chasara Bus Stand,23.6242119,90.4995498,locality,name,CommuteBD_Bangladesh_Master_v1 (OpenStreetMap)
place,PLC0073,Cherag Ali,23.9058375,90.3989828,bus_stop,name,CommuteBD_Bangladesh_Master_v1 (OpenStreetMap)
place,PLC0074,Chourasta,23.5465757,90.4859801,bus_stop,subset,CommuteBD_Bangladesh_Master_v1 (OpenStreetMap)
place,PLC0078,College Gate,23.7503675,90.4199166,college,exact,CommuteBD_Bangladesh_Master_v1 (OpenStreetMap)
place,PLC0080,Darussalam,23.7800468,90.3542107,bus_stop,name,CommuteBD_Bangladesh_Master_v1 (OpenStreetMap)
place,PLC0082,Demra,24.1392046,89.4733047,village,exact,CommuteBD_Bangladesh_Master_v1 (OpenStreetMap)
place,PLC0085,Dhaka City College,23.7396837,90.3828522,college,exact,CommuteBD_Bangladesh_Master_v1 (OpenStreetMap)
place,PLC0086,Dhaka College,23.7360491,90.3839557,bus_stop,subset,CommuteBD_Bangladesh_Master_v1 (OpenStreetMap)
place,PLC0091,Dhanmondi,23.7422650,90.3738997,bus_stop,subset,CommuteBD_Bangladesh_Master_v1 (OpenStreetMap)
place,PLC0092,Dhanmondi-15,23.7443576,90.3728855,bus_stop,name,CommuteBD_Bangladesh_Master_v1 (OpenStreetMap)
place,PLC0107,Ekuria,23.6829248,90.4195396,bus_stop,name,CommuteBD_Bangladesh_Master_v1 (OpenStreetMap)
place,PLC0108,EPZ,23.9502014,90.2739953,bus_stop,subset,CommuteBD_Bangladesh_Master_v1 (OpenStreetMap)
place,PLC0112,Farmgate,23.7572194,90.3902385,bus_stop,name,CommuteBD_Bangladesh_Master_v1 (OpenStreetMap)
place,PLC0113,Fulbaria,23.8126590,90.2574310,bus_stop,exact,CommuteBD_Bangladesh_Master_v1 (OpenStreetMap)
place,PLC0114,Gabtoli,23.7834217,90.3438107,bus_stop,name,CommuteBD_Bangladesh_Master_v1 (OpenStreetMap)
place,PLC0117,Gazipur,23.9901310,90.3821884,bus_stop,name,CommuteBD_Bangladesh_Master_v1 (OpenStreetMap)
place,PLC0119,Ghatarchar,23.7340037,90.3365984,bus_station,name,CommuteBD_Bangladesh_Master_v1 (OpenStreetMap)
place,PLC0125,Gulistan,23.7245952,90.4119248,bus_stop,name,CommuteBD_Bangladesh_Master_v1 (OpenStreetMap)
place,PLC0126,Gulistan (Fulbaria),23.7245952,90.4119248,bus_stop,name,CommuteBD_Bangladesh_Master_v1 (OpenStreetMap)
place,PLC0127,Gulistan (Hanif Flyover),23.7245952,90.4119248,bus_stop,name,CommuteBD_Bangladesh_Master_v1 (OpenStreetMap)
place,PLC0128,Gulistan Morh,23.7245952,90.4119248,bus_stop,name,CommuteBD_Bangladesh_Master_v1 (OpenStreetMap)
place,PLC0129,Gulshan-1,23.7802946,90.4162986,bus_stop,tokens,CommuteBD_Bangladesh_Master_v1 (OpenStreetMap)
place,PLC0130,Gulshan-2,23.7802946,90.4162986,bus_stop,tokens,CommuteBD_Bangladesh_Master_v1 (OpenStreetMap)
place,PLC0132,Hemayetpur,23.7930630,90.2719440,bus_stop,exact,CommuteBD_Bangladesh_Master_v1 (OpenStreetMap)
place,PLC0133,High Court,23.7316850,90.4048858,bus_stop,name,CommuteBD_Bangladesh_Master_v1 (OpenStreetMap)
place,PLC0135,House Building,23.8748268,90.4006897,bus_stop,exact,CommuteBD_Bangladesh_Master_v1 (OpenStreetMap)
place,PLC0137,Islampur,23.0598236,89.6609660,village,exact,CommuteBD_Bangladesh_Master_v1 (OpenStreetMap)
place,PLC0146,Jirabo,23.9133723,90.3195220,bus_station,exact,CommuteBD_Bangladesh_Master_v1 (OpenStreetMap)
place,PLC0154,Kakoli,23.7943170,90.4014531,bus_stop,subset,CommuteBD_Bangladesh_Master_v1 (OpenStreetMap)
place,PLC0155,Kakrail,23.7376473,90.4083108,bus_stop,name,CommuteBD_Bangladesh_Master_v1 (OpenStreetMap)
place,PLC0156,Kalabagan,23.7474966,90.3801973,bus_stop,name,CommuteBD_Bangladesh_Master_v1 (OpenStreetMap)
place,PLC0157,Kalampur,23.9179190,90.1546470,bus_stop,exact,CommuteBD_Bangladesh_Master_v1 (OpenStreetMap)
place,PLC0163,Kalyanpur,23.7782115,90.3609670,bus_stop,name,CommuteBD_Bangladesh_Master_v1 (OpenStreetMap)
place,PLC0164,Kamalapur,23.7327369,90.4250317,bus_stop,name,CommuteBD_Bangladesh_Master_v1 (OpenStreetMap)
place,PLC0165,Kamalapur (Pirjangi Mazar),23.7327369,90.4250317,bus_stop,name,CommuteBD_Bangladesh_Master_v1 (OpenStreetMap)
place,PLC0166,Kamalapur Station,23.7327369,90.4250317,bus_stop,name,CommuteBD_Bangladesh_Master_v1 (OpenStreetMap)
place,PLC0169,Kamarpara,23.8916243,90.3885659,bus_stop,name,CommuteBD_Bangladesh_Master_v1 (OpenStreetMap)
place,PLC0170,Kamrangirchar (Beribadh),23.7145473,90.3813578,bus_stop,name,CommuteBD_Bangladesh_Master_v1 (OpenStreetMap)
place,PLC0178,Kawran Bazar,23.7503054,90.3930252,bus_stop,name,CommuteBD_Bangladesh_Master_v1 (OpenStreetMap)
place,PLC0179,Kazipara,23.7971079,90.3729885,bus_station,name,CommuteBD_Bangladesh_Master_v1 (OpenStreetMap)
place,PLC0181,Keraniganj,23.7015991,90.3973748,bus_stop,subset,CommuteBD_Bangladesh_Master_v1 (OpenStreetMap)
place,PLC0182,Keraniganj (New Jail),23.7015991,90.3973748,bus_stop,subset,CommuteBD_Bangladesh_Master_v1 (OpenStreetMap)
place,PLC0184,Khamarbari,23.7584744,90.3832482,bus_stop,exact,CommuteBD_Bangladesh_Master_v1 (OpenStreetMap)
place,PLC0187,Kharshur,23.6375728,90.2480927,bus_stop,name,CommuteBD_Bangladesh_Master_v1 (OpenStreetMap)
place,PLC0193,Khilkhet,23.8294051,90.4200925,bus_stop,name,CommuteBD_Bangladesh_Master_v1 (OpenStreetMap)
place,PLC0194,Kochukhet,23.7910321,90.3879287,bus_stop,subset,CommuteBD_Bangladesh_Master_v1 (OpenStreetMap)
place,PLC0197,Konabari,24.0108950,90.3215780,bus_stop,exact,CommuteBD_Bangladesh_Master_v1 (OpenStreetMap)
place,PLC0199,Konapara,23.7169046,90.4683457,bus_stop,name,CommuteBD_Bangladesh_Master_v1 (OpenStreetMap)
place,PLC0202,Kuril,23.8212083,90.4195365,bus_station,subset,CommuteBD_Bangladesh_Master_v1 (OpenStreetMap)
place,PLC0203,Kuril Bishwa Road,23.8212083,90.4195365,bus_station,name,CommuteBD_Bangladesh_Master_v1 (OpenStreetMap)
place,PLC0212,Malibagh,23.7499107,90.4132552,bus_stop,subset,CommuteBD_Bangladesh_Master_v1 (OpenStreetMap)
place,PLC0218,Manikganj,23.8706223,89.9986501,bus_stop,exact,CommuteBD_Bangladesh_Master_v1 (OpenStreetMap)
place,PLC0224,Mawa Ghat,23.5269710,90.2874322,bus_station,subset,CommuteBD_Bangladesh_Master_v1 (OpenStreetMap)
place,PLC0226,Mazar Road,24.5750496,90.6176899,bus_stop,name,CommuteBD_Bangladesh_Master_v1 (OpenStreetMap)
place,PLC0232,Middle Badda,23.7778562,90.4256931,bus_stop,name,CommuteBD_Bangladesh_Master_v1 (OpenStreetMap)
place,PLC0233,Mirpur (Zoo),23.8004204,90.3559690,bus_stop,name,CommuteBD_Bangladesh_Master_v1 (OpenStreetMap)
place,PLC0239,Mirpur-1,23.8053029,90.3633273,bus_stop,tokens,CommuteBD_Bangladesh_Master_v1 (OpenStreetMap)
place,PLC0240,Mirpur-10,23.8070291,90.3690055,bus_stop,name,CommuteBD_Bangladesh_Master_v1 (OpenStreetMap)
place,PLC0241,Mirpur-11,23.8156691,90.3661268,bus_station,subset,CommuteBD_Bangladesh_Master_v1 (OpenStreetMap)
place,PLC0242,Mirpur-11 1/2,23.8156691,90.3661268,bus_station,subset,CommuteBD_Bangladesh_Master_v1 (OpenStreetMap)
place,PLC0244,Mirpur-14,23.7987123,90.3867674,bus_stop,name,CommuteBD_Bangladesh_Master_v1 (OpenStreetMap)
place,PLC0245,Mirpur-2,23.8053029,90.3633273,bus_stop,name,CommuteBD_Bangladesh_Master_v1 (OpenStreetMap)
place,PLC0246,Mirpur-6,23.8053029,90.3633273,bus_stop,tokens,CommuteBD_Bangladesh_Master_v1 (OpenStreetMap)
place,PLC0247,Mirpur(1),23.8053029,90.3633273,bus_stop,tokens,CommuteBD_Bangladesh_Master_v1 (OpenStreetMap)
place,PLC0248,Mirpur(10),23.8063401,90.3686728,bus_stop,name,CommuteBD_Bangladesh_Master_v1 (OpenStreetMap)
place,PLC0249,Mirpur(14),23.7980650,90.3871030,bus_stop,name,CommuteBD_Bangladesh_Master_v1 (OpenStreetMap)
place,PLC0250,Mohakhali,23.7779438,90.3984827,bus_station,name,CommuteBD_Bangladesh_Master_v1 (OpenStreetMap)
place,PLC0253,Mohammadpur,23.7569928,90.3617359,bus_stop,name,CommuteBD_Bangladesh_Master_v1 (OpenStreetMap)
place,PLC0254,Mohammadpur (Asad Avenue),23.7569928,90.3617359,bus_stop,name,CommuteBD_Bangladesh_Master_v1 (OpenStreetMap)
place,PLC0255,Mohammadpur (Basila Road),23.7568954,90.3606598,bus_stop,name,CommuteBD_Bangladesh_Master_v1 (OpenStreetMap)
place,PLC0256,Mohammadpur (Japan Garden City),23.7569928,90.3617359,bus_stop,name,CommuteBD_Bangladesh_Master_v1 (OpenStreetMap)
place,PLC0257,Mohammadpur Bus Stand,23.7569928,90.3617359,bus_stop,exact,CommuteBD_Bangladesh_Master_v1 (OpenStreetMap)
place,PLC0259,Mohammadpur Town Hall,23.7596689,90.3662806,bus_stop,name,CommuteBD_Bangladesh_Master_v1 (OpenStreetMap)
place,PLC0260,Motijheel,23.7268333,90.4219697,bus_stop,name,CommuteBD_Bangladesh_Master_v1 (OpenStreetMap)
place,PLC0261,Motijheel (Hirjheel),23.7268333,90.4219697,bus_stop,name,CommuteBD_Bangladesh_Master_v1 (OpenStreetMap)
place,PLC0262,Motijheel (Notre Dame College),23.7268333,90.4219697,bus_stop,name,CommuteBD_Bangladesh_Master_v1 (OpenStreetMap)
place,PLC0263,Motijheel (Shapla Chattar),23.7268333,90.4219697,bus_stop,name,CommuteBD_Bangladesh_Master_v1 (OpenStreetMap)
place,PLC0264,Mouchak,24.0229567,90.2940262,bus_stop,exact,CommuteBD_Bangladesh_Master_v1 (OpenStreetMap)
place,PLC0265,Mouchak (Flyover),24.0229567,90.2940262,bus_stop,exact,CommuteBD_Bangladesh_Master_v1 (OpenStreetMap)
place,PLC0268,Nabisco,23.7696456,90.4008637,bus_station,subset,CommuteBD_Bangladesh_Master_v1 (OpenStreetMap)
place,PLC0269,Nandan Park,24.0311990,90.2418820,bus_stop,subset,CommuteBD_Bangladesh_Master_v1 (OpenStreetMap)
place,PLC0270,Narayanganj,23.6169075,90.5053835,bus_station,name,CommuteBD_Bangladesh_Master_v1 (OpenStreetMap)
place,PLC0275,Nawabganj,23.6610210,90.1621870,bus_stop,name,CommuteBD_Bangladesh_Master_v1 (OpenStreetMap)
place,PLC0281,Nobinagar (Savar),23.9149470,90.2593640,bus_stop,exact,CommuteBD_Bangladesh_Master_v1 (OpenStreetMap)
place,PLC0284,Notun Bazar,23.7974455,90.4235114,bus_stop,name,CommuteBD_Bangladesh_Master_v1 (OpenStreetMap)
place,PLC0287,Pagla Bazar,23.6615459,90.4565864,bus_stop,name,CommuteBD_Bangladesh_Master_v1 (OpenStreetMap)
place,PLC0289,Pallabi (Ceramic),23.8283207,90.3641049,bus_station,subset,CommuteBD_Bangladesh_Master_v1 (OpenStreetMap)
place,PLC0290,Pallabi (Mirpur-12),23.8283207,90.3641049,bus_station,subset,CommuteBD_Bangladesh_Master_v1 (OpenStreetMap)
place,PLC0291,Paltan,23.7303048,90.4098134,bus_stop,name,CommuteBD_Bangladesh_Master_v1 (OpenStreetMap)
place,PLC0293,Paturia,23.7893170,89.8099670,bus_stop,name,CommuteBD_Bangladesh_Master_v1 (OpenStreetMap)
place,PLC0298,Press Club,23.7301359,90.4073461,bus_stop,name,CommuteBD_Bangladesh_Master_v1 (OpenStreetMap)
place,PLC0305,Rajarbagh,23.7401997,90.4198651,bus_stop,name,CommuteBD_Bangladesh_Master_v1 (OpenStreetMap)
place,PLC0312,Rampura,23.7679175,90.4231695,bus_stop,subset,CommuteBD_Bangladesh_Master_v1 (OpenStreetMap)
place,PLC0313,Rampura (Bonsree),23.7679175,90.4231695,bus_stop,subset,CommuteBD_Bangladesh_Master_v1 (OpenStreetMap)
place,PLC0314,Rampura Bridge,23.7679175,90.4231695,bus_stop,name,CommuteBD_Bangladesh_Master_v1 (OpenStreetMap)
place,PLC0316,Rayerbag,23.6994310,90.4570220,bus_stop,name,CommuteBD_Bangladesh_Master_v1 (OpenStreetMap)
place,PLC0326,Savar,23.8472494,90.2572989,bus_stop,name,CommuteBD_Bangladesh_Master_v1 (OpenStreetMap)
place,PLC0327,Sayedabad,23.7942981,91.1483288,bus_stop,name,CommuteBD_Bangladesh_Master_v1 (OpenStreetMap)
place,PLC0340,Shewrapara,23.7904911,90.3755519,bus_stop,exact,CommuteBD_Bangladesh_Master_v1 (OpenStreetMap)
place,PLC0346,Shyamoli,23.7750863,90.3650503,bus_stop,name,CommuteBD_Bangladesh_Master_v1 (OpenStreetMap)
place,PLC0348,Signboard,24.3644902,90.3758769,bus_stop,name,CommuteBD_Bangladesh_Master_v1 (OpenStreetMap)
place,PLC0349,Sobhanbag,23.7543493,90.3767284,bus_stop,name,CommuteBD_Bangladesh_Master_v1 (OpenStreetMap)
place,PLC0353,Sreepur,24.7973194,90.0216687,village,exact,CommuteBD_Bangladesh_Master_v1 (OpenStreetMap)
place,PLC0355,Staff Quarter,23.7200052,90.4903449,bus_station,name,CommuteBD_Bangladesh_Master_v1 (OpenStreetMap)
place,PLC0356,Staff Road,23.8116965,90.4036888,bus_stop,subset,CommuteBD_Bangladesh_Master_v1 (OpenStreetMap)
place,PLC0359,T&T Para,23.7251165,90.4286021,bus_stop,name,CommuteBD_Bangladesh_Master_v1 (OpenStreetMap)
place,PLC0362,Technical,23.7818634,90.3513823,bus_stop,name,CommuteBD_Bangladesh_Master_v1 (OpenStreetMap)
place,PLC0365,Tikatuli,23.7176288,90.4196726,bus_stop,name,CommuteBD_Bangladesh_Master_v1 (OpenStreetMap)
place,PLC0367,Tongi,23.8937895,90.4034861,bus_stop,name,CommuteBD_Bangladesh_Master_v1 (OpenStreetMap)
place,PLC0368,Tongi (Bastuhara),23.8937895,90.4034861,bus_stop,name,CommuteBD_Bangladesh_Master_v1 (OpenStreetMap)
place,PLC0370,Tongi Bazar,23.8937895,90.4034861,bus_stop,name,CommuteBD_Bangladesh_Master_v1 (OpenStreetMap)
place,PLC0371,Town Hall,23.7596689,90.3662806,bus_stop,subset,CommuteBD_Bangladesh_Master_v1 (OpenStreetMap)
place,PLC0376,Uttar Badda,23.7857042,90.4256113,bus_stop,name,CommuteBD_Bangladesh_Master_v1 (OpenStreetMap)
place,PLC0386,Zirani,23.9917060,90.2564910,bus_stop,name,CommuteBD_Bangladesh_Master_v1 (OpenStreetMap)
place,PLC0387,Zoo,23.8004204,90.3559690,bus_stop,subset,CommuteBD_Bangladesh_Master_v1 (OpenStreetMap)
metro,MRT6_04,Pallabi,23.8283207,90.3641049,bus_station,subset,CommuteBD_Bangladesh_Master_v1 (OpenStreetMap)
metro,MRT6_05,Mirpur 11,23.8156691,90.3661268,bus_station,subset,CommuteBD_Bangladesh_Master_v1 (OpenStreetMap)
metro,MRT6_06,Mirpur 10,23.8063401,90.3686728,bus_stop,name,CommuteBD_Bangladesh_Master_v1 (OpenStreetMap)
metro,MRT6_07,Kazipara,23.7971079,90.3729885,bus_station,name,CommuteBD_Bangladesh_Master_v1 (OpenStreetMap)
metro,MRT6_08,Shewrapara,23.7904911,90.3755519,bus_stop,exact,CommuteBD_Bangladesh_Master_v1 (OpenStreetMap)
metro,MRT6_11,Farmgate,23.7573094,90.3900684,bus_stop,name,CommuteBD_Bangladesh_Master_v1 (OpenStreetMap)
metro,MRT6_16,Motijheel,23.7268333,90.4219697,bus_stop,name,CommuteBD_Bangladesh_Master_v1 (OpenStreetMap)
metro,MRT6_17,Kamalapur,23.7327369,90.4250317,bus_stop,name,CommuteBD_Bangladesh_Master_v1 (OpenStreetMap)
