service_id,operator_name_en,operator_name_bn,variant_no_for_operator,start_stop_raw,end_stop_raw,stop_count,service_type,time_text,image_url,current_status,source_id
SVC0001,Achim Paribahan,আছিম পরিবহন,1,Gabtoli,Demra Staff Quarter,27,Semi-Sitting Service(Check System),,https://firebasestorage.googleapis.com/v0/b/bd-bus-route-32221.appspot.com/o/buses%2F%E0%A6%86%E0%A6%9B%E0%A6%BF%E0%A6%AE%20%E0%A6%AA%E0%A6%B0%E0%A6%BF%E0%A6%AC%E0%A6%B9%E0%A6%A8.jpg?alt=media&token=796ceee2-da0e-4ae4-9ffd-74a0f6c7a6ee,needs_validation,SRC_BUS_GITHUB
SVC0002,Agradut,অগ্রদূত,1,Savar,Notun Bazar,20,,,https://firebasestorage.googleapis.com/v0/b/bd-bus-route-32221.appspot.com/o/buses%2F%E0%A6%85%E0%A6%97%E0%A7%8D%E0%A6%B0%E0%A6%A6%E0%A7%82%E0%A6%A4.jpg?alt=media&token=91deb976-a63b-45d2-9fe3-3a408d313f62,needs_validation,SRC_BUS_GITHUB
SVC0003,Airport Bangabandhu Avenue,এয়ারপোর্ট বঙ্গবন্ধু এভিনিউ ট্রান্সপোর্ট,1,Fulbaria,Abdullahpur,29,,,https://firebasestorage.googleapis.com/v0/b/bd-bus-route-32221.appspot.com/o/buses%2F%E0%A6%8F%E0%A7%9F%E0%A6%BE%E0%A6%B0%E0%A6%AA%E0%A7%8B%E0%A6%B0%E0%A7%8D%E0%A6%9F%20%E0%A6%AC%E0%A6%99%E0%A7%8D%E0%A6%97%E0%A6%AC%E0%A6%A8%E0%A7%8D%E0%A6%A7%E0%A7%81%20%E0%A6%8F%E0%A6%AD%E0%A6%BF%E0%A6%A8%E0%A6%BF%E0%A6%89%20%E0%A6%9F%E0%A7%8D%E0%A6%B0%E0%A6%BE%E0%A6%A8%E0%A7%8D.jpg?alt=media&token=a9973a29-2683-409c-b550-b7dff332899f,needs_validation,SRC_BUS_GITHUB
SVC0004,Azmeri Glory,আজমেরী গ্লোরী,1,Sadarghat,Chandra,33,,,https://firebasestorage.googleapis.com/v0/b/bd-bus-route-32221.appspot.com/o/buses%2F%E0%A6%86%E0%A6%9C%E0%A6%AE%E0%A7%87%E0%A6%B0%E0%A7%80%20%E0%A6%97%E0%A7%8D%E0%A6%B2%E0%A7%8B%E0%A6%B0.jpg?alt=media&token=72bee0a2-3b7f-4cba-9cde-5c69bc3057b1,needs_validation,SRC_BUS_GITHUB
SVC0005,Akash Enterprise,আকাশ বাস,1,Kadamtali,Tongi,32,,,https://firebasestorage.googleapis.com/v0/b/bd-bus-route-32221.appspot.com/o/buses%2F%E0%A6%86%E0%A6%95%E0%A6%BE%E0%A6%B6%20%E0%A6%AC%E0%A6%BE%E0%A6%B8.jpg?alt=media&token=a2d0a456-3712-43ac-bf43-9fdfd9f24e69,needs_validation,SRC_BUS_GITHUB
SVC0006,Akik,আকিক বাস,1,Ansar Camp,Uttar Badda,19,,,https://firebasestorage.googleapis.com/v0/b/bd-bus-route-32221.appspot.com/o/buses%2F%E0%A6%86%E0%A6%95%E0%A6%BF%E0%A6%95%20.jpg?alt=media&token=26f8d188-4f0b-4c54-82c3-c9031d701639,needs_validation,SRC_BUS_GITHUB
SVC0007,Al Makka,আল মক্কা বাস,1,Motijheel,Mirpur 1,20,,,https://firebasestorage.googleapis.com/v0/b/bd-bus-route-32221.appspot.com/o/buses%2F%E0%A6%86%E0%A6%B2%20%E0%A6%AE%E0%A6%95%E0%A7%8D%E0%A6%95%E0%A6%BE%20%E0%A6%AC%E0%A6%BE%E0%A6%B8.jpg?alt=media&token=57b84d3e-62cb-4436-ae88-04f7c921160f,needs_validation,SRC_BUS_GITHUB
SVC0008,Al Madina Plus One,আল মনিদা প্লাস ওয়ান,1,Nandan Park,Kamalapur,26,,,https://firebasestorage.googleapis.com/v0/b/bd-bus-route-32221.appspot.com/o/buses%2F%E0%A6%86%E0%A6%B2%20%E0%A6%AE%E0%A6%A8%E0%A6%BF%E0%A6%A6%E0%A6%BE%20%E0%A6%AA%E0%A7%8D%E0%A6%B2%E0%A6%BE%E0%A6%B8.jpg?alt=media&token=b305b3c3-a554-4fcf-b900-27ac31be0fce,needs_validation,SRC_BUS_GITHUB
SVC0009,Alif,আলিফ বাস,1,Mirpur 14,Nandan Park,14,,,https://firebasestorage.googleapis.com/v0/b/bd-bus-route-32221.appspot.com/o/buses%2F%E0%A6%86%E0%A6%B2%E0%A6%BF%E0%A6%AB%20%E0%A6%AC%E0%A6%BE%E0%A6%B8.jpg?alt=media&token=d20445eb-0ad5-4c56-ab9f-35b4ec24d51c,needs_validation,SRC_BUS_GITHUB
SVC0010,Alif,আলিফ বাস,2,Shia Mosque,Banasree,17,,,https://firebasestorage.googleapis.com/v0/b/bd-bus-route-32221.appspot.com/o/buses%2F%E0%A6%86%E0%A6%B2%E0%A6%BF%E0%A6%AB%20%E0%A6%AC%E0%A6%BE%E0%A6%B8.jpg?alt=media&token=d20445eb-0ad5-4c56-ab9f-35b4ec24d51c,needs_validation,SRC_BUS_GITHUB
SVC0011,Alif,আলিফ বাস,3,Mirpur 1,Banasree,16,,,https://firebasestorage.googleapis.com/v0/b/bd-bus-route-32221.appspot.com/o/buses%2F%E0%A6%86%E0%A6%B2%E0%A6%BF%E0%A6%AB%20%E0%A6%AC%E0%A6%BE%E0%A6%B8.jpg?alt=media&token=d20445eb-0ad5-4c56-ab9f-35b4ec24d51c,needs_validation,SRC_BUS_GITHUB
SVC0012,Alif,আলিফ বাস,4,Japan Garden City,Abdullahpur,26,,,https://firebasestorage.googleapis.com/v0/b/bd-bus-route-32221.appspot.com/o/buses%2F%E0%A6%86%E0%A6%B2%E0%A6%BF%E0%A6%AB%20%E0%A6%AC%E0%A6%BE%E0%A6%B8.jpg?alt=media&token=d20445eb-0ad5-4c56-ab9f-35b4ec24d51c,needs_validation,SRC_BUS_GITHUB
SVC0013,Anabil Super,অনাবিল সুপার,1,Sign Board,Gazipur Chourasta,34,Sitting Service(Check System),6 am-12pm,https://firebasestorage.googleapis.com/v0/b/bd-bus-route-32221.appspot.com/o/buses%2F%E0%A6%85%E0%A6%A8%E0%A6%BE%E0%A6%AC%E0%A6%BF%E0%A6%B2.jpg?alt=media&token=ce38cc9c-433e-40c9-a38f-f046e7609aa6,needs_validation,SRC_BUS_GITHUB
SVC0014,Arnob,অরনব বাস,1,Hemayetpur,Demra Staff Quarter,20,,,https://firebasestorage.googleapis.com/v0/b/bd-bus-route-32221.appspot.com/o/buses%2F%E0%A6%85%E0%A6%B0%E0%A6%A8%E0%A6%AC%20%E0%A6%AC%E0%A6%BE%E0%A6%B8.jpg?alt=media&token=9b6415c9-8a7c-4e74-9962-2aa02ae9824d,needs_validation,SRC_BUS_GITHUB
SVC0015,Ashirbad Pahibahan,আশীর্বাদ পরিবহন,1,Duaripara,Azimpur,21,,,https://firebasestorage.googleapis.com/v0/b/bd-bus-route-32221.appspot.com/o/buses%2F%E0%A6%86%E0%A6%B6%E0%A7%80%E0%A6%B0%E0%A7%8D%E0%A6%AC%E0%A6%BE%E0%A6%A6%20%E0%A6%AA%E0%A6%B0%E0%A6%BF%E0%A6%AC%E0%A6%B9%E0%A6%A8.jpg?alt=media&token=a665427c-cded-4a52-b194-8ebe69f7cc96,needs_validation,SRC_BUS_GITHUB
SVC0016,Ashulia Classic,আশুলিয়া ক্লাসিক বাস,1,Nobinagar,Sat rasta,23,,,https://firebasestorage.googleapis.com/v0/b/bd-bus-route-32221.appspot.com/o/buses%2F%E0%A6%86%E0%A6%B6%E0%A7%81%E0%A6%B2%E0%A6%BF%E0%A7%9F%E0%A6%BE%20%E0%A6%95%E0%A7%8D%E0%A6%B2%E0%A6%BE%E0%A6%B8%E0%A6%BF%E0%A6%95%20%E0%A6%AC%E0%A6%BE%E0%A6%B8.jpg?alt=media&token=f26ffd61-2e35-4d5b-8f76-4a9119228171,needs_validation,SRC_BUS_GITHUB
SVC0017,Asmani,আসমানী বাস,1,Dhour,Madanpur,24,,,https://firebasestorage.googleapis.com/v0/b/bd-bus-route-32221.appspot.com/o/buses%2F%E0%A6%86%E0%A6%B8%E0%A6%AE%E0%A6%BE%E0%A6%A8%E0%A7%80%20%E0%A6%AC%E0%A6%BE%E0%A6%B8.jpg?alt=media&token=a6b8ca04-31cf-4bd3-831c-030568e6984b,needs_validation,SRC_BUS_GITHUB
SVC0018,ATCL,এটিসিএল বাস,1,Mohammadpur Bus Stand,Arambagh Notre Dame College,15,,,https://firebasestorage.googleapis.com/v0/b/bd-bus-route-32221.appspot.com/o/buses%2F%E0%A6%8F%E0%A6%9F%E0%A6%BF%E0%A6%B8%E0%A6%BF%E0%A6%8F%E0%A6%B2%20%E0%A6%AC%E0%A6%BE%E0%A6%B8.jpg?alt=media&token=709d35f3-9ac9-4d32-a98c-68917adffd67,needs_validation,SRC_BUS_GITHUB
SVC0019,Ayat,আয়াত বাস,1,Chiriyakhana,Kamalapur,17,Semi-Sitting Service,,https://firebasestorage.googleapis.com/v0/b/bd-bus-route-32221.appspot.com/o/buses%2F%E0%A6%86%E0%A7%9F%E0%A6%BE%E0%A6%A4%20%E0%A6%AC%E0%A6%BE%E0%A6%B8.jpg?alt=media&token=6fc3ff2c-c0ca-4399-a87a-24498abfed1a,needs_validation,SRC_BUS_GITHUB
SVC0020,Bahon,বাহন বাস,1,Mirpur 14,Khilgaon,26,Semi-Sitting Service (Check System),6 am-11pm,https://firebasestorage.googleapis.com/v0/b/bd-bus-route-32221.appspot.com/o/buses%2F%E0%A6%AC%E0%A6%BE%E0%A6%B9%E0%A6%A8%20%E0%A6%AC%E0%A6%BE%E0%A6%B8.jpg?alt=media&token=6ac383c0-c4c7-4d5f-ab99-7d68d6c40653,needs_validation,SRC_BUS_GITHUB
SVC0021,Baishakhi,বৈশাখী বাস,1,Savar,Notun Bazar,17,,,https://firebasestorage.googleapis.com/v0/b/bd-bus-route-32221.appspot.com/o/buses%2F%E0%A6%AC%E0%A7%88%E0%A6%B6%E0%A6%BE%E0%A6%96%E0%A7%80%20%E0%A6%AC%E0%A6%BE%E0%A6%B8.jpg?alt=media&token=3b0dfb5f-3099-4cd6-a49f-dac11e5d93a9,needs_validation,SRC_BUS_GITHUB
SVC0022,Balaka,বলাকা বাস,1,Sayedabad,Gazipur Chourasta,30,Semi-Sitting Service,,https://firebasestorage.googleapis.com/v0/b/bd-bus-route-32221.appspot.com/o/buses%2F%E0%A6%AC%E0%A6%B2%E0%A6%BE%E0%A6%95%E0%A6%BE%20%E0%A6%AC%E0%A6%BE%E0%A6%B8.jpg?alt=media&token=82e6516f-8986-40ba-ada2-7bd4d18c569b,needs_validation,SRC_BUS_GITHUB
SVC0023,Basumati,বাসুমতি বাস,1,Gabtoli,Maowa,22,,,https://firebasestorage.googleapis.com/v0/b/bd-bus-route-32221.appspot.com/o/buses%2F%E0%A6%AC%E0%A6%BE%E0%A6%B8%E0%A7%81%E0%A6%AE%E0%A6%A4%E0%A6%BF%20%E0%A6%AC%E0%A6%BE%E0%A6%B8.jpg?alt=media&token=399b9d16-34cf-46f8-828d-936e7addaf6c,needs_validation,SRC_BUS_GITHUB
SVC0024,Basumati Transport,বাসুমতি ট্রান্সপোর্ট,1,Gabtoli,Gazipur Chourasta,24,,,https://firebasestorage.googleapis.com/v0/b/bd-bus-route-32221.appspot.com/o/buses%2F%E0%A6%AC%E0%A6%BE%E0%A6%B8%E0%A7%81%E0%A6%AE%E0%A6%A4%E0%A6%BF%20%E0%A6%AC%E0%A6%BE%E0%A6%B8.jpg?alt=media&token=399b9d16-34cf-46f8-828d-936e7addaf6c,needs_validation,SRC_BUS_GITHUB
SVC0025,Best Satabdi AC,বেষ্ট শতাব্দী এসি বাস,1,Azimpur,Diabari,26,,,https://firebasestorage.googleapis.com/v0/b/bd-bus-route-32221.appspot.com/o/buses%2F%E0%A6%AC%E0%A7%87%E0%A6%B7%E0%A7%8D%E0%A6%9F%20%E0%A6%B6%E0%A6%A4%E0%A6%BE%E0%A6%AC%E0%A7%8D%E0%A6%A6%E0%A7%80%20%E0%A6%8F%E0%A6%B8%E0%A6%BF%20%E0%A6%AC%E0%A6%BE%E0%A6%B8.jpg?alt=media&token=e3c8ef9a-4c8e-478f-8bcd-f400c9b80015,needs_validation,SRC_BUS_GITHUB
SVC0026,Best Transport,বেষ্ট ট্রান্সপোর্ট বাস,1,Mirpur 10,Jatrabari,20,,,https://firebasestorage.googleapis.com/v0/b/bd-bus-route-32221.appspot.com/o/buses%2F%E0%A6%AC%E0%A7%87%E0%A6%B7%E0%A7%8D%E0%A6%9F%20%E0%A6%9F%E0%A7%8D%E0%A6%B0%E0%A6%BE%E0%A6%A8%E0%A7%8D%E0%A6%B8%E0%A6%AA%E0%A7%8B%E0%A6%B0%E0%A7%8D%E0%A6%9F.jpg?alt=media&token=ca348447-6b65-4948-b576-4585a211db50,needs_validation,SRC_BUS_GITHUB
SVC0027,Bhuiyan Paribahan,ভূঁইয়া পরিবহন,1,Japan Garden City,Abdullahpur,26,,,https://firebasestorage.googleapis.com/v0/b/bd-bus-route-32221.appspot.com/o/buses%2F%E0%A6%AD%E0%A7%82%E0%A6%81%E0%A6%87%E0%A7%9F%E0%A6%BE%20%E0%A6%AA%E0%A6%B0%E0%A6%BF%E0%A6%AC%E0%A6%B9%E0%A6%A8.jpg?alt=media&token=d8c1f0c8-a009-409c-89ec-901a131f6c58,needs_validation,SRC_BUS_GITHUB
SVC0028,Bihanga,বিহাঙ্গা বাস,1,Duaripara,Sadarghat,23,,,https://firebasestorage.googleapis.com/v0/b/bd-bus-route-32221.appspot.com/o/buses%2F%E0%A6%AC%E0%A6%BF%E0%A6%B9%E0%A6%BE%E0%A6%99%E0%A7%8D%E0%A6%97%E0%A6%BE%20%E0%A6%AC%E0%A6%BE%E0%A6%B8.jpg?alt=media&token=3b3094f6-3d93-4ce2-82eb-73a6224f363d,needs_validation,SRC_BUS_GITHUB
SVC0029,Bikalpa Bus Auto Service,বিকল্প বাস অটো সার্ভিস,1,Mirpur 12,Motijheel,21,Semi-Sitting Service,,https://firebasestorage.googleapis.com/v0/b/bd-bus-route-32221.appspot.com/o/buses%2F%E0%A6%AC%E0%A6%BF%E0%A6%95%E0%A6%B2%E0%A7%8D%E0%A6%AA%20%E0%A6%AC%E0%A6%BE%E0%A6%B8%20%E0%A6%85%E0%A6%9F%E0%A7%8B%20%E0%A6%B8%E0%A6%BE%E0%A6%B0%E0%A7%8D%E0%A6%AD%E0%A6%BF%E0%A6%B8.jpg?alt=media&token=ef24a3d2-36e3-4832-9f22-495c527e2322,needs_validation,SRC_BUS_GITHUB
SVC0030,Bikalpa Bus City Super Service,বিকল্প বাস সিটি সুপার সার্ভিস,1,Mirpur 12,Dhakeshwari,21,Semi-Sitting Service,,https://firebasestorage.googleapis.com/v0/b/bd-bus-route-32221.appspot.com/o/buses%2F%E0%A6%AC%E0%A6%BF%E0%A6%95%E0%A6%B2%E0%A7%8D%E0%A6%AA%20%E0%A6%AC%E0%A6%BE%E0%A6%B8%20%E0%A6%B8%E0%A6%BF%E0%A6%9F%E0%A6%BF%20%E0%A6%B8%E0%A7%81%E0%A6%AA%E0%A6%BE%E0%A6%B0%20%E0%A6%B8%E0%A6%BE%E0%A6%B0%E0%A7%8D%E0%A6%AD%E0%A6%BF%E0%A6%B8.jpeg?alt=media&token=b15cc796-17f8-4991-bc82-593595122bdc,needs_validation,SRC_BUS_GITHUB
SVC0031,Bikash,বিকাশ বাস,1,Azimpur,Kamarpara,19,Semi-Sitting Service,,https://firebasestorage.googleapis.com/v0/b/bd-bus-route-32221.appspot.com/o/buses%2F%E0%A6%AC%E0%A6%BF%E0%A6%95%E0%A6%BE%E0%A6%B6%20%E0%A6%AC%E0%A6%BE%E0%A6%B8.jpg?alt=media&token=1aed3d9c-965d-408e-a18a-ed84cfdf5dd0,needs_validation,SRC_BUS_GITHUB
SVC0032,Bikash Paribahan,বিকাশ পরিবহন বাস,1,Sign Board,Dhour,37,Semi-Sitting Service,,https://firebasestorage.googleapis.com/v0/b/bd-bus-route-32221.appspot.com/o/buses%2F%E0%A6%AC%E0%A6%BF%E0%A6%95%E0%A6%BE%E0%A6%B6%20%E0%A6%AC%E0%A6%BE%E0%A6%B8.jpg?alt=media&token=1aed3d9c-965d-408e-a18a-ed84cfdf5dd0,needs_validation,SRC_BUS_GITHUB
SVC0033,Bondhu Paribahan,বন্ধু পরিবহন বাস,1,Gulistan,Notun Bazar,16,,,https://firebasestorage.googleapis.com/v0/b/bd-bus-route-32221.appspot.com/o/buses%2F%E0%A6%AC%E0%A6%A8%E0%A7%8D%E0%A6%A7%E0%A7%81%20%E0%A6%AA%E0%A6%B0%E0%A6%BF%E0%A6%AC%E0%A6%B9%E0%A6%A8%20%E0%A6%AC%E0%A6%BE%E0%A6%B8.jpg?alt=media&token=182a0564-6524-4cb3-8e65-bc57549726b4,needs_validation,SRC_BUS_GITHUB
SVC0034,Borak,বোরাক বাস,1,Palashi,Meghna Ghat,2,Semi-Sitting Service,,https://firebasestorage.googleapis.com/v0/b/bd-bus-route-32221.appspot.com/o/buses%2F%E0%A6%AC%E0%A7%8B%E0%A6%B0%E0%A6%BE%E0%A6%95%20%E0%A6%AC%E0%A6%BE%E0%A6%B8.jpg?alt=media&token=deea3106-00e2-4a51-8f1a-212945fb2150,needs_validation,SRC_BUS_GITHUB
SVC0035,Bashumoti,বসুমতি বাস,1,Gazipur Chourasta,Gabtoli,9,,,https://firebasestorage.googleapis.com/v0/b/bd-bus-route-32221.appspot.com/o/buses%2F%E0%A6%AC%E0%A6%BE%E0%A6%B8%E0%A7%81%E0%A6%AE%E0%A6%A4%E0%A6%BF%20%E0%A6%AC%E0%A6%BE%E0%A6%B8.jpg?alt=media&token=399b9d16-34cf-46f8-828d-936e7addaf6c,needs_validation,SRC_BUS_GITHUB
SVC0036,BRTC,বি আর টিসি বাস,1,Madanpur,Savar,30,Semi-Sitting Service,,https://firebasestorage.googleapis.com/v0/b/bd-bus-route-32221.appspot.com/o/buses%2F%E0%A6%AC%E0%A6%BF%20%E0%A6%86%E0%A6%B0%20%E0%A6%9F%E0%A6%BF%E0%A6%B8%E0%A6%BF%20%E0%A6%AC%E0%A6%BE%E0%A6%B8.jpg?alt=media&token=d6a87691-8c23-44de-8696-e5a9f533af34,needs_validation,SRC_BUS_GITHUB
SVC0037,BRTC,বি আর টিসি বাস,2,Motijheel,Tongi,28,Semi-Sitting Service,,https://firebasestorage.googleapis.com/v0/b/bd-bus-route-32221.appspot.com/o/buses%2F%E0%A6%AC%E0%A6%BF%20%E0%A6%86%E0%A6%B0%20%E0%A6%9F%E0%A6%BF%E0%A6%B8%E0%A6%BF%20%E0%A6%AC%E0%A6%BE%E0%A6%B8.jpg?alt=media&token=d6a87691-8c23-44de-8696-e5a9f533af34,needs_validation,SRC_BUS_GITHUB
SVC0038,BRTC,বি আর টিসি বাস,3,Motijheel,Chandra,24,Semi-Sitting Service,,https://firebasestorage.googleapis.com/v0/b/bd-bus-route-32221.appspot.com/o/buses%2F%E0%A6%AC%E0%A6%BF%20%E0%A6%86%E0%A6%B0%20%E0%A6%9F%E0%A6%BF%E0%A6%B8%E0%A6%BF%20%E0%A6%AC%E0%A6%BE%E0%A6%B8.jpg?alt=media&token=d6a87691-8c23-44de-8696-e5a9f533af34,needs_validation,SRC_BUS_GITHUB
SVC0039,BRTC,বি আর টিসি বাস,4,Mohammadpur,Kuril Bishwa Road,17,Semi-Sitting Service,,https://firebasestorage.googleapis.com/v0/b/bd-bus-route-32221.appspot.com/o/buses%2F%E0%A6%AC%E0%A6%BF%20%E0%A6%86%E0%A6%B0%20%E0%A6%9F%E0%A6%BF%E0%A6%B8%E0%A6%BF%20%E0%A6%AC%E0%A6%BE%E0%A6%B8.jpg?alt=media&token=d6a87691-8c23-44de-8696-e5a9f533af34,needs_validation,SRC_BUS_GITHUB
SVC0040,BRTC,বি আর টিসি বাস,5,Kamalapur,Kuril Bishwa Road,25,Semi-Sitting Service,,https://firebasestorage.googleapis.com/v0/b/bd-bus-route-32221.appspot.com/o/buses%2F%E0%A6%AC%E0%A6%BF%20%E0%A6%86%E0%A6%B0%20%E0%A6%9F%E0%A6%BF%E0%A6%B8%E0%A6%BF%20%E0%A6%AC%E0%A6%BE%E0%A6%B8.jpg?alt=media&token=d6a87691-8c23-44de-8696-e5a9f533af34,needs_validation,SRC_BUS_GITHUB
SVC0041,BRTC,বি আর টিসি বাস,6,Vulta,Kuril Bishwa Road,6,Semi-Sitting Service,,https://firebasestorage.googleapis.com/v0/b/bd-bus-route-32221.appspot.com/o/buses%2F%E0%A6%AC%E0%A6%BF%20%E0%A6%86%E0%A6%B0%20%E0%A6%9F%E0%A6%BF%E0%A6%B8%E0%A6%BF%20%E0%A6%AC%E0%A6%BE%E0%A6%B8.jpg?alt=media&token=d6a87691-8c23-44de-8696-e5a9f533af34,needs_validation,SRC_BUS_GITHUB
SVC0042,BRTC,বি আর টিসি বাস,7,Motijheel,Abdullahpur,28,Semi-Sitting Service,,https://firebasestorage.googleapis.com/v0/b/bd-bus-route-32221.appspot.com/o/buses%2F%E0%A6%AC%E0%A6%BF%20%E0%A6%86%E0%A6%B0%20%E0%A6%9F%E0%A6%BF%E0%A6%B8%E0%A6%BF%20%E0%A6%AC%E0%A6%BE%E0%A6%B8.jpg?alt=media&token=d6a87691-8c23-44de-8696-e5a9f533af34,needs_validation,SRC_BUS_GITHUB
SVC0043,BRTC,বি আর টিসি বাস,8,Mohammadpur,Motijheel,16,Semi-Sitting Service,,https://firebasestorage.googleapis.com/v0/b/bd-bus-route-32221.appspot.com/o/buses%2F%E0%A6%AC%E0%A6%BF%20%E0%A6%86%E0%A6%B0%20%E0%A6%9F%E0%A6%BF%E0%A6%B8%E0%A6%BF%20%E0%A6%AC%E0%A6%BE%E0%A6%B8.jpg?alt=media&token=d6a87691-8c23-44de-8696-e5a9f533af34,needs_validation,SRC_BUS_GITHUB
SVC0044,BRTC,বি আর টিসি বাস,9,Gabtoli,Gazipur Chourasta,24,Semi-Sitting Service,,https://firebasestorage.googleapis.com/v0/b/bd-bus-route-32221.appspot.com/o/buses%2F%E0%A6%AC%E0%A6%BF%20%E0%A6%86%E0%A6%B0%20%E0%A6%9F%E0%A6%BF%E0%A6%B8%E0%A6%BF%20%E0%A6%AC%E0%A6%BE%E0%A6%B8.jpg?alt=media&token=d6a87691-8c23-44de-8696-e5a9f533af34,needs_validation,SRC_BUS_GITHUB
SVC0045,BRTC Articulated,বি আর টিসি আরটিকুলেটেড বাস,1,Balughat,Motijheel,9,Semi-Sitting Service,,https://firebasestorage.googleapis.com/v0/b/bd-bus-route-32221.appspot.com/o/buses%2F%E0%A6%AC%E0%A6%BF%20%E0%A6%86%E0%A6%B0%20%E0%A6%9F%E0%A6%BF%E0%A6%B8%E0%A6%BF%20%E0%A6%86%E0%A6%B0%E0%A6%9F%E0%A6%BF%E0%A6%95%E0%A7%81%E0%A6%B2%E0%A7%87%E0%A6%9F%E0%A7%87%E0%A6%A1%20%E0%A6%AC%E0%A6%BE%E0%A6%B8.jpg?alt=media&token=bad8a45f-fc75-492d-82a1-402a566567f2,needs_validation,SRC_BUS_GITHUB
SVC0046,Cantonment,ক্যান্টনমেন্ট বাস সার্ভিস,1,Mirpur 14,Savar,11,,,https://firebasestorage.googleapis.com/v0/b/bd-bus-route-32221.appspot.com/o/buses%2F%E0%A6%95%E0%A7%8D%E0%A6%AF%E0%A6%BE%E0%A6%A8%E0%A7%8D%E0%A6%9F%E0%A6%A8%E0%A6%AE%E0%A7%87%E0%A6%A8%E0%A7%8D%E0%A6%9F%20%E0%A6%AC%E0%A6%BE%E0%A6%B8.jpg?alt=media&token=77d502b4-d57c-4785-a610-a1a77c5f24bf,needs_validation,SRC_BUS_GITHUB
SVC0047,Cantonment Mini Service,ক্যান্টনমেন্ট  মিনি বাস সার্ভিস,1,Mirpur 14,Mohakhali,6,,,https://firebasestorage.googleapis.com/v0/b/bd-bus-route-32221.appspot.com/o/buses%2F%E0%A6%95%E0%A7%8D%E0%A6%AF%E0%A6%BE%E0%A6%A8%E0%A7%8D%E0%A6%9F%E0%A6%A8%E0%A6%AE%E0%A7%87%E0%A6%A8%E0%A7%8D%E0%A6%9F%20%E0%A6%AE%E0%A6%BF%E0%A6%A8%E0%A6%BF%20%E0%A6%B8%E0%A6%BE%E0%A6%B0%E0%A7%8D%E0%A6%AD%E0%A6%BF%E0%A6%B8.jpg?alt=media&token=76ce8584-f579-4bdd-8b23-7b17a0877562,needs_validation,SRC_BUS_GITHUB
SVC0048,Champion,চ্যাম্পিয়ন বাস,1,Vashantek,Gabtoli,9,,,https://firebasestorage.googleapis.com/v0/b/bd-bus-route-32221.appspot.com/o/buses%2F%E0%A6%9A%E0%A7%8D%E0%A6%AF%E0%A6%BE%E0%A6%AE%E0%A7%8D%E0%A6%AA%E0%A6%BF%E0%A7%9F%E0%A6%A8%20%E0%A6%AC%E0%A6%BE%E0%A6%B8.jpg?alt=media&token=ff179f7f-7265-421f-9ae6-b3d676d8be90,needs_validation,SRC_BUS_GITHUB
SVC0049,City Link,সিটি লিংক বাস,1,Chittagong Road,Ghatar Char,24,Semi-Sitting Service,,https://firebasestorage.googleapis.com/v0/b/bd-bus-route-32221.appspot.com/o/buses%2F%E0%A6%B8%E0%A6%BF%E0%A6%9F%E0%A6%BF%20%E0%A6%B2%E0%A6%BF%E0%A6%82%E0%A6%95%20%E0%A6%AC%E0%A6%BE%E0%A6%B8.jpg?alt=media&token=293dab72-7858-43eb-a6c5-6875027c471b,needs_validation,SRC_BUS_GITHUB
SVC0050,D Link,ডি লিংক বাস,1,Fulbaria,Dhamra,22,,,https://firebasestorage.googleapis.com/v0/b/bd-bus-route-32221.appspot.com/o/buses%2F%E0%A6%A1%E0%A6%BF%20%E0%A6%B2%E0%A6%BF%E0%A6%82%E0%A6%95%20%E0%A6%AC%E0%A6%BE%E0%A6%B8.png?alt=media&token=64e31d60-c556-478a-989c-8cbd424968f5,needs_validation,SRC_BUS_GITHUB
SVC0051,D One Transport,ডি ওয়ান বাস,1,Motijheel,Kalampur,21,,,https://firebasestorage.googleapis.com/v0/b/bd-bus-route-32221.appspot.com/o/buses%2F%E0%A6%A1%E0%A6%BF%20%E0%A6%93%E0%A7%9F%E0%A6%BE%E0%A6%A8%20%E0%A6%AC%E0%A6%BE%E0%A6%B8.jpg?alt=media&token=e32883ac-58b6-4b95-a8d0-8ef3295e801c,needs_validation,SRC_BUS_GITHUB
SVC0052,Deepan,দিপান বাস,1,Tajmahal Road,Arambagh,12,,,https://firebasestorage.googleapis.com/v0/b/bd-bus-route-32221.appspot.com/o/buses%2F%E0%A6%A6%E0%A7%80%E0%A6%AA%E0%A6%A8%20%E0%A6%AC%E0%A6%BE%E0%A6%B8.jpg?alt=media&token=30c339ff-ecae-4725-873d-e3063b1eae4b,needs_validation,SRC_BUS_GITHUB
SVC0053,Desh Bangla,দেশ বাংলা বাস,1,Postagola,Kamarpara,28,,,https://firebasestorage.googleapis.com/v0/b/bd-bus-route-32221.appspot.com/o/buses%2F%E0%A6%A6%E0%A7%87%E0%A6%B6%20%E0%A6%AC%E0%A6%BE%E0%A6%82%E0%A6%B2%E0%A6%BE%20%E0%A6%AC%E0%A6%BE%E0%A6%B8.jpg?alt=media&token=c67f16e5-f4d3-46d9-a337-d48e67fbf276,needs_validation,SRC_BUS_GITHUB
SVC0054,Dewan,দেওয়ান বাস,1,Azimpur,Kuril Bishwa Road,26,,,https://firebasestorage.googleapis.com/v0/b/bd-bus-route-32221.appspot.com/o/buses%2F%E0%A6%A6%E0%A7%87%E0%A6%93%E0%A7%9F%E0%A6%BE%E0%A6%A8%20%E0%A6%AC%E0%A6%BE%E0%A6%B8.jpg?alt=media&token=064c59bc-bb3b-4946-a115-789674112c75,needs_validation,SRC_BUS_GITHUB
SVC0055,Dhakar Chaka,ঢাকার চাকা বাস,1,Police Plaza,Gulshan 2,3,Sitting Service(Ticket System),,https://firebasestorage.googleapis.com/v0/b/bd-bus-route-32221.appspot.com/o/buses%2F%E0%A6%A2%E0%A6%BE%E0%A6%95%E0%A6%BE%E0%A6%B0%20%E0%A6%9A%E0%A6%BE%E0%A6%95%E0%A6%BE%20%E0%A6%AC%E0%A6%BE%E0%A6%B8.jpg?alt=media&token=e8924235-1eaf-4038-bcd8-0a49ea53a969,needs_validation,SRC_BUS_GITHUB
SVC0056,Dhakar Chaka,ঢাকার চাকা বাস,2,Banani,Notun Bazar,3,Sitting Service(Ticket System),,https://firebasestorage.googleapis.com/v0/b/bd-bus-route-32221.appspot.com/o/buses%2F%E0%A6%A2%E0%A6%BE%E0%A6%95%E0%A6%BE%E0%A6%B0%20%E0%A6%9A%E0%A6%BE%E0%A6%95%E0%A6%BE%20%E0%A6%AC%E0%A6%BE%E0%A6%B8.jpg?alt=media&token=e8924235-1eaf-4038-bcd8-0a49ea53a969,needs_validation,SRC_BUS_GITHUB
SVC0057,Dipon,দিপোন বাস,1,Tajmahal Road,Arambagh,19,,,https://firebasestorage.googleapis.com/v0/b/bd-bus-route-32221.appspot.com/o/buses%2F%E0%A6%A6%E0%A7%80%E0%A6%AA%E0%A6%A8%20%E0%A6%AC%E0%A6%BE%E0%A6%B8.jpg?alt=media&token=30c339ff-ecae-4725-873d-e3063b1eae4b,needs_validation,SRC_BUS_GITHUB
SVC0058,Dip Paribahan,দ্বীপ পরিবহন বাস,1,Azimpur,Kuril Bissho Road,9,,,https://firebasestorage.googleapis.com/v0/b/bd-bus-route-32221.appspot.com/o/buses%2F%E0%A6%A6%E0%A7%8D%E0%A6%AC%E0%A7%80%E0%A6%AA%20%E0%A6%AA%E0%A6%B0%E0%A6%BF%E0%A6%AC%E0%A6%B9%E0%A6%A8%20%E0%A6%AC%E0%A6%BE%E0%A6%B8.jpg?alt=media&token=e6fb4a29-ac86-4d47-a7e9-2a9f24895268,needs_validation,SRC_BUS_GITHUB
SVC0059,Dishari,দিশারী বাস,1,Chiriyakhana,Keraniganj,23,,,https://firebasestorage.googleapis.com/v0/b/bd-bus-route-32221.appspot.com/o/buses%2F%E0%A6%A6%E0%A6%BF%E0%A6%B8%E0%A6%BE%E0%A6%B0%E0%A6%BF%20%E0%A6%AC%E0%A6%BE%E0%A6%B8.jpg?alt=media&token=2878654d-802e-4534-bbbc-2bf852e83a53,needs_validation,SRC_BUS_GITHUB
SVC0060,ETC,ইটিসি বাস,1,Golap Shah Mazar,Mirpur 12,10,,,https://firebasestorage.googleapis.com/v0/b/bd-bus-route-32221.appspot.com/o/buses%2F%E0%A6%87%E0%A6%9F%E0%A6%BF%E0%A6%B8%E0%A6%BF%20%E0%A6%AC%E0%A6%BE%E0%A6%B8.jpg?alt=media&token=b5cda6c6-f9b9-488b-a8f2-ee50ccf6af6d,needs_validation,SRC_BUS_GITHUB
SVC0061,ETC Transport,ইটিসি ট্রান্সপোর্ট বাস,1,Golap Shah Mazar,Mirpur 12,20,Sitting Service,,https://firebasestorage.googleapis.com/v0/b/bd-bus-route-32221.appspot.com/o/buses%2F%E0%A6%87%E0%A6%9F%E0%A6%BF%E0%A6%B8%E0%A6%BF%20%E0%A6%AC%E0%A6%BE%E0%A6%B8.jpg?alt=media&token=b5cda6c6-f9b9-488b-a8f2-ee50ccf6af6d,needs_validation,SRC_BUS_GITHUB
SVC0062,Everest Paribahan,এভারেস্ট পরিবহন বাস,1,Rupnagar Abashik,Keraniganj,6,,,https://firebasestorage.googleapis.com/v0/b/bd-bus-route-32221.appspot.com/o/buses%2F%E0%A6%8F%E0%A6%AD%E0%A6%BE%E0%A6%B0%E0%A7%87%E0%A6%B8%E0%A7%8D%E0%A6%9F%20%E0%A6%AA%E0%A6%B0%E0%A6%BF%E0%A6%AC%E0%A6%B9%E0%A6%A8%20%E0%A6%AC%E0%A6%BE%E0%A6%B8.jpg?alt=media&token=30db6449-50a9-4f8b-a515-ecdcc5ea333d,needs_validation,SRC_BUS_GITHUB
SVC0063,First Ten,ফার্স্ট টেন বাস,1,Vashantek,Gabtoli,9,,,https://firebasestorage.googleapis.com/v0/b/bd-bus-route-32221.appspot.com/o/buses%2F%E0%A6%AB%E0%A6%BE%E0%A6%B0%E0%A7%8D%E0%A6%B8%E0%A7%8D%E0%A6%9F%20%E0%A6%9F%E0%A7%87%E0%A6%A8.jpg?alt=media&token=fb5856d7-17b9-43e2-bc65-8ad3a9be1bf1,needs_validation,SRC_BUS_GITHUB
SVC0064,FTCL,এফটিসিএল বাস,1,Mohammadpur,Chittagong Road,22,,,https://firebasestorage.googleapis.com/v0/b/bd-bus-route-32221.appspot.com/o/buses%2F%E0%A6%8F%E0%A6%AB%E0%A6%9F%E0%A6%BF%E0%A6%B8%E0%A6%BF%E0%A6%8F%E0%A6%B2%20%E0%A6%AC%E0%A6%BE%E0%A6%B8.jpg?alt=media&token=95c2d4d6-98d9-4cc1-9cb4-14499c28dc07,needs_validation,SRC_BUS_GITHUB
SVC0065,FTCL,এফটিসিএল বাস,2,Mohammadpur,Arambagh,12,,,https://firebasestorage.googleapis.com/v0/b/bd-bus-route-32221.appspot.com/o/buses%2F%E0%A6%8F%E0%A6%AB%E0%A6%9F%E0%A6%BF%E0%A6%B8%E0%A6%BF%E0%A6%8F%E0%A6%B2%20%E0%A6%AC%E0%A6%BE%E0%A6%B8.jpg?alt=media&token=95c2d4d6-98d9-4cc1-9cb4-14499c28dc07,needs_validation,SRC_BUS_GITHUB
SVC0066,Gazipur Paribahan,গাজীপুর পরিবহন বাস,1,Motijheel,Shib Bari,30,Half-Sitting Service,,https://firebasestorage.googleapis.com/v0/b/bd-bus-route-32221.appspot.com/o/buses%2F%E0%A6%97%E0%A6%BE%E0%A6%9C%E0%A7%80%E0%A6%AA%E0%A7%81%E0%A6%B0%20%E0%A6%AA%E0%A6%B0%E0%A6%BF%E0%A6%AC%E0%A6%B9%E0%A6%A8%20%E0%A6%AC%E0%A6%BE%E0%A6%B8.jpg?alt=media&token=550412bd-b234-4612-9806-446454b02a25,needs_validation,SRC_BUS_GITHUB
SVC0067,Grameen,গ্রামীণ বাস,1,Mirpur 14,Gabtoli,8,,,https://firebasestorage.googleapis.com/v0/b/bd-bus-route-32221.appspot.com/o/buses%2F%E0%A6%97%E0%A7%8D%E0%A6%B0%E0%A6%BE%E0%A6%AE%E0%A7%80%E0%A6%A3%20%E0%A6%AC%E0%A6%BE%E0%A6%B8.jpg?alt=media&token=b6db178a-442f-4ca0-a83b-4fda2f886738,needs_validation,SRC_BUS_GITHUB
SVC0068,Green Anabil,গ্রীন অনাবিল বাস,1,Chashara,Gazipur Chourasta,39,Half-Sitting Service,,https://firebasestorage.googleapis.com/v0/b/bd-bus-route-32221.appspot.com/o/buses%2F%E0%A6%97%E0%A7%8D%E0%A6%B0%E0%A7%80%E0%A6%A8%20%E0%A6%85%E0%A6%A8%E0%A6%BE%E0%A6%AC%E0%A6%BF%E0%A6%B2%20%E0%A6%AC%E0%A6%BE%E0%A6%B8.jpg?alt=media&token=940810cd-f2a7-4b3d-942b-ec694c37edaa,needs_validation,SRC_BUS_GITHUB
SVC0069,Green Dhaka,গ্রীন ঢাকা বাস,1,Motijheel,Abdullahpur,29,Sitting Service(Ticket System),,https://firebasestorage.googleapis.com/v0/b/bd-bus-route-32221.appspot.com/o/buses%2F%E0%A6%97%E0%A7%8D%E0%A6%B0%E0%A7%80%E0%A6%A8%20%E0%A6%A2%E0%A6%BE%E0%A6%95%E0%A6%BE%20%E0%A6%AC%E0%A6%BE%E0%A6%B8.jpg?alt=media&token=636e57da-5c04-45dc-ae55-a32ec3d4163a,needs_validation,SRC_BUS_GITHUB
SVC0070,Gulshan Chaka,গুলশান চাকা বাস,1,Banani,Notun Bazar,3,Sitting Service(Ticket System),,https://firebasestorage.googleapis.com/v0/b/bd-bus-route-32221.appspot.com/o/buses%2F%E0%A6%97%E0%A7%81%E0%A6%B2%E0%A6%B6%E0%A6%BE%E0%A6%A8%20%E0%A6%9A%E0%A6%BE%E0%A6%95%E0%A6%BE%20%E0%A6%AC%E0%A6%BE%E0%A6%B8.jpg?alt=media&token=d230d7b1-7a20-4c9c-822e-93e8672b2d76,needs_validation,SRC_BUS_GITHUB
SVC0071,Hazi Transport,হাজি ট্রান্সপোর্ট বাস,1,Mirpur 12,Motijheel,19,,,https://firebasestorage.googleapis.com/v0/b/bd-bus-route-32221.appspot.com/o/buses%2F%E0%A6%B9%E0%A6%BE%E0%A6%9C%E0%A6%BF%20%E0%A6%9F%E0%A7%8D%E0%A6%B0%E0%A6%BE%E0%A6%A8%E0%A7%8D%E0%A6%B8%E0%A6%AA%E0%A7%8B%E0%A6%B0%E0%A7%8D%E0%A6%9F.jpg?alt=media&token=59a868c3-d2e5-4ca5-8fb0-e75a5d1ee436,needs_validation,SRC_BUS_GITHUB
SVC0072,Himachal,হিমাচল বাস,1,Mirpur Sony Cinema Hall,Khilgaon Khidma Hospital,10,,,https://firebasestorage.googleapis.com/v0/b/bd-bus-route-32221.appspot.com/o/buses%2F%E0%A6%B9%E0%A6%BF%E0%A6%AE%E0%A6%BE%E0%A6%9A%E0%A6%B2%20%E0%A6%AC%E0%A6%BE%E0%A6%B8.jpg?alt=media&token=4c0bd6ac-9a62-4089-9e81-630b2e15d926,needs_validation,SRC_BUS_GITHUB
SVC0073,Himachal Suveccha,হিমাচল শুভেচ্ছা বাস,1,Metro Hall,Mirpur 12,28,,,https://firebasestorage.googleapis.com/v0/b/bd-bus-route-32221.appspot.com/o/buses%2F%E0%A6%B9%E0%A6%BF%E0%A6%AE%E0%A6%BE%E0%A6%9A%E0%A6%B2%20%E0%A6%AC%E0%A6%BE%E0%A6%B8.jpg?alt=media&token=4c0bd6ac-9a62-4089-9e81-630b2e15d926,needs_validation,SRC_BUS_GITHUB
SVC0074,Himalay,হিমালয় বাস,1,Madanpur,Tongi,5,Half-Sitting Service,,https://firebasestorage.googleapis.com/v0/b/bd-bus-route-32221.appspot.com/o/buses%2F%E0%A6%B9%E0%A6%BF%E0%A6%AE%E0%A6%BE%E0%A6%B2%E0%A7%9F%20%E0%A6%AC%E0%A6%BE%E0%A6%B8.jpg?alt=media&token=68021682-9d95-451c-a822-6359ecfc3c01,needs_validation,SRC_BUS_GITHUB
SVC0075,Itihash,ইতিহাস বাস,1,Mirpur 14,Chandra,14,,,https://firebasestorage.googleapis.com/v0/b/bd-bus-route-32221.appspot.com/o/buses%2F%E0%A6%87%E0%A6%A4%E0%A6%BF%E0%A6%B9%E0%A6%BE%E0%A6%B8%20%E0%A6%AC%E0%A6%BE%E0%A6%B8.jpg?alt=media&token=c63782ad-7e8d-4597-a9f7-be73983604e5,needs_validation,SRC_BUS_GITHUB
SVC0076,Jabale Noor Paribahan,জাবালে নুর পরিবহন বাস,1,Agargaon,Abdullahpur,14,Half-Sitting Service,,https://firebasestorage.googleapis.com/v0/b/bd-bus-route-32221.appspot.com/o/buses%2F%E0%A6%9C%E0%A6%BE%E0%A6%AC%E0%A6%BE%E0%A6%B2%E0%A7%87%20%E0%A6%A8%E0%A7%81%E0%A6%B0%20%E0%A6%AA%E0%A6%B0%E0%A6%BF%E0%A6%AC%E0%A6%B9%E0%A6%A8%20%E0%A6%AC%E0%A6%BE%E0%A6%B8.jpg?alt=media&token=409be6c1-6664-45af-adfc-8c4bf37a9216,needs_validation,SRC_BUS_GITHUB
SVC0077,Jabale Noor Paribahan,জাবালে নুর পরিবহন বাস,2,Gabtoli,Notun Bazar,6,Half-Sitting Service,,https://firebasestorage.googleapis.com/v0/b/bd-bus-route-32221.appspot.com/o/buses%2F%E0%A6%9C%E0%A6%BE%E0%A6%AC%E0%A6%BE%E0%A6%B2%E0%A7%87%20%E0%A6%A8%E0%A7%81%E0%A6%B0%20%E0%A6%AA%E0%A6%B0%E0%A6%BF%E0%A6%AC%E0%A6%B9%E0%A6%A8%20%E0%A6%AC%E0%A6%BE%E0%A6%B8.jpg?alt=media&token=409be6c1-6664-45af-adfc-8c4bf37a9216,needs_validation,SRC_BUS_GITHUB
SVC0078,Kamal Plus Paribahan,কামাল প্লাস পরিবহন বাস,1,Chittagong Road,Ghatar Char,21,,,https://firebasestorage.googleapis.com/v0/b/bd-bus-route-32221.appspot.com/o/buses%2F%E0%A6%95%E0%A6%BE%E0%A6%AE%E0%A6%BE%E0%A6%B2%20%E0%A6%AA%E0%A7%8D%E0%A6%B2%E0%A6%BE%E0%A6%B8%20%E0%A6%AA%E0%A6%B0%E0%A6%BF%E0%A6%AC%E0%A6%B9%E0%A6%A8%20%E0%A6%AC%E0%A6%BE%E0%A6%B8.jpg?alt=media&token=edb60677-2bc3-47ef-82b4-2888abe526e4,needs_validation,SRC_BUS_GITHUB
SVC0079,kanak,কনক বাস,1,Mirpur 1,Abdulla,17,,,https://firebasestorage.googleapis.com/v0/b/bd-bus-route-32221.appspot.com/o/buses%2F%E0%A6%95%E0%A6%A8%E0%A6%95%20%E0%A6%AC%E0%A6%BE%E0%A6%B8.jpg?alt=media&token=afb05ea0-07b0-4f5c-ac43-9074b3b1c94d,needs_validation,SRC_BUS_GITHUB
SVC0080,Khajababa,খাজা বাবা বাস,1,Jatrabari,Mirpur 12,22,,,https://firebasestorage.googleapis.com/v0/b/bd-bus-route-32221.appspot.com/o/buses%2F%E0%A6%96%E0%A6%BE%E0%A6%9C%E0%A6%BE%20%E0%A6%AC%E0%A6%BE%E0%A6%AC%E0%A6%BE%20%E0%A6%AC%E0%A6%BE%E0%A6%B8.jpg?alt=media&token=2d9db225-83f0-4bf9-9bee-307be5f46256,needs_validation,SRC_BUS_GITHUB
SVC0081,Kironmala Paribahan,কিরণমালা বাস,1,Chiriyakhana,Konabari,12,Semi-Sitting Service,,https://firebasestorage.googleapis.com/v0/b/bd-bus-route-32221.appspot.com/o/buses%2F%E0%A6%95%E0%A6%BF%E0%A6%B0%E0%A6%A3%E0%A6%AE%E0%A6%BE%E0%A6%B2%E0%A6%BE%20%E0%A6%AC%E0%A6%BE%E0%A6%B8.jpg?alt=media&token=12cf13d6-c3f4-40db-a19c-23e98e11a945,needs_validation,SRC_BUS_GITHUB
SVC0082,Labbayek,লাব্বাইক বাস,1,Savar,Sign Board,31,Sitting Service(Check System),,https://firebasestorage.googleapis.com/v0/b/bd-bus-route-32221.appspot.com/o/buses%2F%E0%A6%B2%E0%A6%BE%E0%A6%AC%E0%A7%8D%E0%A6%AC%E0%A6%BE%E0%A6%87%E0%A6%95%20%E0%A6%AC%E0%A6%BE%E0%A6%B8.jpg?alt=media&token=cf243d09-8cff-4437-add3-e29802a031a5,needs_validation,SRC_BUS_GITHUB
SVC0083,Lal Sabuj,AC Bus Route,1,Nandan Park,Motijheel,25,Sitting Service,,https://firebasestorage.googleapis.com/v0/b/bd-bus-route-32221.appspot.com/o/buses%2F%E0%A6%B2%E0%A6%BE%E0%A6%B2%20%E0%A6%B8%E0%A6%AC%E0%A7%81%E0%A6%9C.jpg?alt=media&token=f655bb1e-2390-43ca-a40b-1912b3379cb8,needs_validation,SRC_BUS_GITHUB
SVC0084,Lams Paribahan,লামস পরিবহন বাস,1,Mirpur 12,Motijheel,20,,,https://firebasestorage.googleapis.com/v0/b/bd-bus-route-32221.appspot.com/o/buses%2F%E0%A6%B2%E0%A7%8D%E0%A6%AF%E0%A6%BE%E0%A6%AE%E0%A6%B8%20%E0%A6%AA%E0%A6%B0%E0%A6%BF%E0%A6%AC%E0%A6%B9%E0%A6%A8%20%E0%A6%AC%E0%A6%BE%E0%A6%B8.jpg?alt=media&token=ab88cb43-5c3c-41a1-abd2-89186fb1b509,needs_validation,SRC_BUS_GITHUB
SVC0085,Malancha,মালঞ্চ বাস,1,Mohammadpur,Dhupkhola,17,,,https://firebasestorage.googleapis.com/v0/b/bd-bus-route-32221.appspot.com/o/buses%2F%E0%A6%AE%E0%A6%BE%E0%A6%B2%E0%A6%9E%E0%A7%8D%E0%A6%9A%20%E0%A6%AC%E0%A6%BE%E0%A6%B8.jpg?alt=media&token=e1d8babb-ff7b-46c1-ab8e-ee32a56f0d71,needs_validation,SRC_BUS_GITHUB
SVC0086,Manjil Express,মাঞ্জিল এক্সপ্রেস বাস,1,Chittagong Road,Abdullahpur,31,,5:30 am – 10:30 pm,https://firebasestorage.googleapis.com/v0/b/bd-bus-route-32221.appspot.com/o/buses%2F%E0%A6%AE%E0%A6%BE%E0%A6%9E%E0%A7%8D%E0%A6%9C%E0%A6%BF%E0%A6%B2%20%E0%A6%8F%E0%A6%95%E0%A7%8D%E0%A6%B8%E0%A6%AA%E0%A7%8D%E0%A6%B0%E0%A7%87%E0%A6%B8.jpg?alt=media&token=d0ee9334-9bfc-4ef9-8350-4b6c9ea9b53c,needs_validation,SRC_BUS_GITHUB
SVC0087,Meghla Transport,মেঘলা ট্রান্সপোর্ট বাস,1,Kalabagan,Vulta,17,,,https://firebasestorage.googleapis.com/v0/b/bd-bus-route-32221.appspot.com/o/buses%2F%E0%A6%AE%E0%A7%87%E0%A6%98%E0%A6%B2%E0%A6%BE%20%E0%A6%9F%E0%A7%8D%E0%A6%B0%E0%A6%BE%E0%A6%A8%E0%A7%8D%E0%A6%B8%E0%A6%AA%E0%A7%8B%E0%A6%B0%E0%A7%8D%E0%A6%9F.jpg?alt=media&token=9e1691bd-134e-4462-ac00-91799ec6839f,needs_validation,SRC_BUS_GITHUB
SVC0088,Meshkat,মেসকাত বাস,1,Mohammadpur,Chittagong Road,17,,,https://firebasestorage.googleapis.com/v0/b/bd-bus-route-32221.appspot.com/o/buses%2F%E0%A6%AE%E0%A7%87%E0%A6%B8%E0%A6%95%E0%A6%BE%E0%A6%A4%20%E0%A6%AC%E0%A6%BE%E0%A6%B8.jpg?alt=media&token=c1d252af-9a13-4702-9c90-cb76a1c9d79a,needs_validation,SRC_BUS_GITHUB
SVC0089,Midline,মিডলাইন বাস,1,Mohammadpur,Khilgaon,19,Semi-Sitting Service(Check System),6:00 am – 11:00 pm,https://firebasestorage.googleapis.com/v0/b/bd-bus-route-32221.appspot.com/o/buses%2F%E0%A6%AE%E0%A6%BF%E0%A6%A1%E0%A6%B2%E0%A6%BE%E0%A6%87%E0%A6%A8%20%E0%A6%AC%E0%A6%BE%E0%A6%B8.jpg?alt=media&token=8151eefe-4bfd-44fe-bbbb-337945e9bbb0,needs_validation,SRC_BUS_GITHUB
SVC0090,Mirpur Metro Services,মিরপুর মেট্রো সার্ভিস বাস,1,Azimpur,Mirpur 1,19,,,https://firebasestorage.googleapis.com/v0/b/bd-bus-route-32221.appspot.com/o/buses%2F%E0%A6%AE%E0%A6%BF%E0%A6%B0%E0%A6%AA%E0%A7%81%E0%A6%B0%20%E0%A6%AE%E0%A7%87%E0%A6%9F%E0%A7%8D%E0%A6%B0%E0%A7%8B%20%E0%A6%B8%E0%A6%BE%E0%A6%B0%E0%A7%8D%E0%A6%AD%E0%A6%BF%E0%A6%B8.jpg?alt=media&token=f303c38e-a337-46eb-b2cf-4cab67791fae,needs_validation,SRC_BUS_GITHUB
SVC0091,Mirpur Link,মিরপুর লিংক বাস,1,ECB Square,Azimpur,12,,,https://firebasestorage.googleapis.com/v0/b/bd-bus-route-32221.appspot.com/o/buses%2F%E0%A6%AE%E0%A6%BF%E0%A6%B0%E0%A6%AA%E0%A7%81%E0%A6%B0%20%E0%A6%B2%E0%A6%BF%E0%A6%82%E0%A6%95%20%E0%A6%AC%E0%A6%BE%E0%A6%B8.jpg?alt=media&token=be6f0e9d-0ea3-49b1-8080-32c8dc7f5d5b,needs_validation,SRC_BUS_GITHUB
SVC0092,Mirpur Mission,মিরপুর মিশন বাস,1,Chiriyakhana,Motijheel,6,,,https://firebasestorage.googleapis.com/v0/b/bd-bus-route-32221.appspot.com/o/buses%2F%E0%A6%AE%E0%A6%BF%E0%A6%B0%E0%A6%AA%E0%A7%81%E0%A6%B0%20%E0%A6%AE%E0%A6%BF%E0%A6%B6%E0%A6%A8%20%E0%A6%AC%E0%A6%BE%E0%A6%B8.jpg?alt=media&token=e2c3a336-c4b8-4a95-ae23-49325e080b97,needs_validation,SRC_BUS_GITHUB
SVC0093,Mirpur United Service,মিরপুর ইউনাইটেড সার্ভিস বাস,1,Sadarghat,Mirpur 12,23,,,https://firebasestorage.googleapis.com/v0/b/bd-bus-route-32221.appspot.com/o/buses%2F%E0%A6%AE%E0%A6%BF%E0%A6%B0%E0%A6%AA%E0%A7%81%E0%A6%B0%20%E0%A6%87%E0%A6%89%E0%A6%A8%E0%A6%BE%E0%A6%87%E0%A6%9F%E0%A7%87%E0%A6%A1%20%E0%A6%B8%E0%A6%BE%E0%A6%B0%E0%A7%8D%E0%A6%AD%E0%A6%BF%E0%A6%B8.jpg?alt=media&token=4e312801-5c0d-4479-9b77-5a6a65ce76ed,needs_validation,SRC_BUS_GITHUB
SVC0094,MM Lovely,এম এম লাভলী বাস,1,Savar,Sign Board,31,Sitting Service(Check System),,https://firebasestorage.googleapis.com/v0/b/bd-bus-route-32221.appspot.com/o/buses%2F%E0%A6%8F%E0%A6%AE%20%E0%A6%8F%E0%A6%AE%20%E0%A6%B2%E0%A6%BE%E0%A6%AD%E0%A6%B2%E0%A7%80%20%E0%A6%AC%E0%A6%BE%E0%A6%B8.jpg?alt=media&token=97c89959-d489-4ed8-935e-4bfba2b397bf,needs_validation,SRC_BUS_GITHUB
SVC0095,Modhumita,মধুমিতা বাস,1,Chiriyakhana,Demra Staff Quarter,20,,,https://firebasestorage.googleapis.com/v0/b/bd-bus-route-32221.appspot.com/o/buses%2F%E0%A6%AE%E0%A6%A7%E0%A7%81%E0%A6%AE%E0%A6%A4%E0%A6%BF%20%E0%A6%AC%E0%A6%BE%E0%A6%B8.jpg?alt=media&token=4a738e01-5f5f-4fbb-8eb8-244f13341958,needs_validation,SRC_BUS_GITHUB
SVC0096,Mohona,মোহনা বাস,1,Mirpur 14,Fantasy Kingdom,13,,,https://firebasestorage.googleapis.com/v0/b/bd-bus-route-32221.appspot.com/o/buses%2F%E0%A6%AE%E0%A7%8B%E0%A6%B9%E0%A6%A8%E0%A6%BE%20%E0%A6%AC%E0%A6%BE%E0%A6%B8.jpg?alt=media&token=b53b4b23-4c08-431e-a230-f62c33d45464,needs_validation,SRC_BUS_GITHUB
SVC0097,Moitri,মৈত্রী বাস,1,Mohammadpur,Arambagh,17,,,https://firebasestorage.googleapis.com/v0/b/bd-bus-route-32221.appspot.com/o/buses%2F%E0%A6%AE%E0%A7%88%E0%A6%A4%E0%A7%8D%E0%A6%B0%E0%A7%80%20%E0%A6%AC%E0%A6%BE%E0%A6%B8.jpg?alt=media&token=f0b5efa6-75d1-43ab-abe7-7243bdf59bbe,needs_validation,SRC_BUS_GITHUB
SVC0098,Moumita,মৌমিতা বাস,1,Chashara,Chandra,34,,,https://firebasestorage.googleapis.com/v0/b/bd-bus-route-32221.appspot.com/o/buses%2F%E0%A6%AE%E0%A7%8C%E0%A6%AE%E0%A6%BF%E0%A6%A4%E0%A6%BE%20%E0%A6%AC%E0%A6%BE%E0%A6%B8.jpg?alt=media&token=dde151d6-5ef7-4be1-9cce-db028731065c,needs_validation,SRC_BUS_GITHUB
SVC0099,MTCL-2,এমটিসিএল ২ বাস,1,Mohammadpur,Arambagh Kingdom,18,,,https://firebasestorage.googleapis.com/v0/b/bd-bus-route-32221.appspot.com/o/buses%2F%E0%A6%8F%E0%A6%AE%E0%A6%9F%E0%A6%BF%E0%A6%B8%E0%A6%BF%E0%A6%8F%E0%A6%B2%20%E0%A7%A8%20%E0%A6%AC%E0%A6%BE%E0%A6%B8.jpg?alt=media&token=3f8ba067-67fc-457c-b630-14ed6cca61cd,needs_validation,SRC_BUS_GITHUB
SVC0100,Nur E Makka,নূর এ মক্কা বাস,1,Chiriyakhana,Malibagh Railgate,25,Sitting Service(Check System),5:30 am – 10:30 pm,https://firebasestorage.googleapis.com/v0/b/bd-bus-route-32221.appspot.com/o/buses%2F%E0%A6%A8%E0%A7%82%E0%A6%B0%20%E0%A6%8F%20%E0%A6%AE%E0%A6%95%E0%A7%8D%E0%A6%95%E0%A6%BE%20%E0%A6%AC%E0%A6%BE%E0%A6%B8.jpg?alt=media&token=7b9a8ca4-0dfe-49b4-807c-977bce40f3c4,needs_validation,SRC_BUS_GITHUB
SVC0101,New Vision Dhaka,নিউ ভিশন বাস,1,Chiriyakhana,Motijheel,19,,,https://firebasestorage.googleapis.com/v0/b/bd-bus-route-32221.appspot.com/o/buses%2F%E0%A6%A8%E0%A6%BF%E0%A6%89%20%E0%A6%AD%E0%A6%BF%E0%A6%B6%E0%A6%A8%20%E0%A6%AC%E0%A6%BE%E0%A6%B8.jpg?alt=media&token=23ea6a73-055d-47bd-8677-8f54fd61cdcd,needs_validation,SRC_BUS_GITHUB
SVC0102,Nilachol Dhaka,নিলাচল বাস,1,Chittagong Road,Paturia,31,,,https://firebasestorage.googleapis.com/v0/b/bd-bus-route-32221.appspot.com/o/buses%2F%E0%A6%A8%E0%A6%BF%E0%A6%B2%E0%A6%BE%E0%A6%9A%E0%A6%B2%20%E0%A6%AC%E0%A6%BE%E0%A6%B8.jpg?alt=media&token=45b24085-40f7-4aa5-8bd7-bf8633f267ed,needs_validation,SRC_BUS_GITHUB
SVC0103,Omama International,ওমামা ইন্টারন্যাশনাল বাস,1,Motijheel,Airport,22,,5:30 am – 10:30 pm,https://firebasestorage.googleapis.com/v0/b/bd-bus-route-32221.appspot.com/o/buses%2F%E0%A6%93%E0%A6%AE%E0%A6%BE%E0%A6%AE%E0%A6%BE%20%E0%A6%87%E0%A6%A8%E0%A7%8D%E0%A6%9F%E0%A6%BE%E0%A6%B0%E0%A6%A8%E0%A7%8D%E0%A6%AF%E0%A6%BE%E0%A6%B6%E0%A6%A8%E0%A6%BE%E0%A6%B2%20%E0%A6%AC%E0%A6%BE%E0%A6%B8.jpg?alt=media&token=506ae654-215f-4cfb-9c10-62e8ab67c7b7,needs_validation,SRC_BUS_GITHUB
SVC0104,Pallabi Super,পল্লবী সুপার বাস,1,Gabtoli,Kamarpara,22,,,https://firebasestorage.googleapis.com/v0/b/bd-bus-route-32221.appspot.com/o/buses%2F%E0%A6%AA%E0%A6%B2%E0%A7%8D%E0%A6%B2%E0%A6%AC%E0%A7%80%20%E0%A6%B8%E0%A7%81%E0%A6%AA%E0%A6%BE%E0%A6%B0.png?alt=media&token=d8b37812-cd9a-4ac2-881b-330b52708faa,needs_validation,SRC_BUS_GITHUB
SVC0105,Paristhan,পরিস্থান বাস,1,Bosila,Abdullahpur,27,,,https://firebasestorage.googleapis.com/v0/b/bd-bus-route-32221.appspot.com/o/buses%2F%E0%A6%AA%E0%A6%B0%E0%A6%BF%E0%A6%B8%E0%A7%8D%E0%A6%A5%E0%A6%BE%E0%A6%A8%20%E0%A6%AC%E0%A6%BE%E0%A6%B8.jpg?alt=media&token=feab0bbc-d3e2-4919-8f3c-a8d24e8a9991,needs_validation,SRC_BUS_GITHUB
SVC0106,Prattay,প্রত্যয় বাস,1,Gabtoli,Babubazar,10,,,https://firebasestorage.googleapis.com/v0/b/bd-bus-route-32221.appspot.com/o/buses%2F%E0%A6%AA%E0%A7%8D%E0%A6%B0%E0%A6%A4%E0%A7%8D%E0%A6%AF%E0%A7%9F%20%E0%A6%AC%E0%A6%BE%E0%A6%B8.jpg?alt=media&token=76cacc88-a0bc-445a-b503-f719b769cdb1,needs_validation,SRC_BUS_GITHUB
SVC0107,Prochesta,প্রচেষ্টা বাস,1,Maowa,Abdullahpur,32,,,https://firebasestorage.googleapis.com/v0/b/bd-bus-route-32221.appspot.com/o/buses%2F%E0%A6%AA%E0%A7%8D%E0%A6%B0%E0%A6%9A%E0%A7%87%E0%A6%B7%E0%A7%8D%E0%A6%9F%E0%A6%BE%20%E0%A6%AC%E0%A6%BE%E0%A6%B8.jpg?alt=media&token=01f15ab8-c7a7-4b93-b2c2-a2c4a8a81515,needs_validation,SRC_BUS_GITHUB
SVC0108,Projapati,প্রজাপতি বাস,1,Bosila,Kamarpara,26,,,https://firebasestorage.googleapis.com/v0/b/bd-bus-route-32221.appspot.com/o/buses%2F%E0%A6%AA%E0%A7%8D%E0%A6%B0%E0%A6%9C%E0%A6%BE%E0%A6%AA%E0%A6%A4%E0%A6%BF%20%E0%A6%AC%E0%A6%BE%E0%A6%B8.jpg?alt=media&token=09493a65-2d48-43a2-817d-efe371346bbf,needs_validation,SRC_BUS_GITHUB
SVC0109,Provati Banasree,প্রভাতী বনশ্রী বাস,1,Fulbaria,Baromi,33,,,https://firebasestorage.googleapis.com/v0/b/bd-bus-route-32221.appspot.com/o/buses%2F%E0%A6%AA%E0%A7%8D%E0%A6%B0%E0%A6%AD%E0%A6%BE%E0%A6%A4%E0%A7%80%20%E0%A6%AC%E0%A6%A8%E0%A6%B6%E0%A7%8D%E0%A6%B0%E0%A7%80.jpg?alt=media&token=288167cd-0862-4105-b8ce-af600553a3f8,needs_validation,SRC_BUS_GITHUB
SVC0110,Purbachol Logistics and Transport,পূর্বাচল লজিস্টিকস বাস,1,Vashantek,Chandra,16,,,https://firebasestorage.googleapis.com/v0/b/bd-bus-route-32221.appspot.com/o/buses%2F%E0%A6%AA%E0%A7%82%E0%A6%B0%E0%A7%8D%E0%A6%AC%E0%A6%BE%E0%A6%9A%E0%A6%B2%20%E0%A6%B2%E0%A6%9C%E0%A6%BF%E0%A6%B8%E0%A7%8D%E0%A6%9F%E0%A6%BF%E0%A6%95%E0%A6%B8%20%E0%A6%AC%E0%A6%BE%E0%A6%B8.jpg?alt=media&token=1919fc75-9c3b-487d-8768-5e1a703b9fa0,needs_validation,SRC_BUS_GITHUB
SVC0111,Raida Dhaka,রাইদা বাস,1,Postagola,Dia Bari,28,Sitting Service(Check System),6:00 am – 11:00 pm,https://firebasestorage.googleapis.com/v0/b/bd-bus-route-32221.appspot.com/o/buses%2F%E0%A6%B0%E0%A6%BE%E0%A6%87%E0%A6%A6%E0%A6%BE%20%E0%A6%AC%E0%A6%BE%E0%A6%B8.jpg?alt=media&token=7d7f7ff9-2601-44c7-b726-e90a48aeb2f6,needs_validation,SRC_BUS_GITHUB
SVC0112,Raja City Dhaka,রাজা সিটি বাস,1,Postagola,Ghatar Char,19,,,https://firebasestorage.googleapis.com/v0/b/bd-bus-route-32221.appspot.com/o/buses%2F%E0%A6%B0%E0%A6%BE%E0%A6%9C%E0%A6%BE%20%E0%A6%B8%E0%A6%BF%E0%A6%9F%E0%A6%BF%20%E0%A6%AC%E0%A6%BE%E0%A6%B8.jpg?alt=media&token=ed106d16-12f5-45c2-b500-8a7189389660,needs_validation,SRC_BUS_GITHUB
SVC0113,Rajanigandha Dhaka,রজনীগন্ধা বাস,1,Chittagong Road,Mohammadpur,20,,,https://firebasestorage.googleapis.com/v0/b/bd-bus-route-32221.appspot.com/o/buses%2F%E0%A6%B0%E0%A6%9C%E0%A6%A8%E0%A7%80%E0%A6%97%E0%A6%A8%E0%A7%8D%E0%A6%A7%E0%A6%BE%20%E0%A6%AC%E0%A6%BE%E0%A6%B8.jpg?alt=media&token=fcb44911-5aa2-4545-865e-93d44f63cfb4,needs_validation,SRC_BUS_GITHUB
SVC0114,Rajdhani Super Dhaka,রাজধানী বাস,1,Hemayetpur,Demra Staff Quarter,28,,,https://firebasestorage.googleapis.com/v0/b/bd-bus-route-32221.appspot.com/o/buses%2F%E0%A6%B0%E0%A6%BE%E0%A6%9C%E0%A6%A7%E0%A6%BE%E0%A6%A8%E0%A7%80%20%E0%A6%AC%E0%A6%BE%E0%A6%B8.jpg?alt=media&token=42c57cea-9a3a-4463-bbf6-98becc883d27,needs_validation,SRC_BUS_GITHUB
SVC0115,Ramjan Dhaka,রমযান বাস,1,Gabtoli,Demra Staff Quarter,27,,,https://firebasestorage.googleapis.com/v0/b/bd-bus-route-32221.appspot.com/o/buses%2F%E0%A6%B0%E0%A6%AE%E0%A6%AF%E0%A6%BE%E0%A6%A8%20%E0%A6%AC%E0%A6%BE%E0%A6%B8.jpg?alt=media&token=e7a293ba-c5dd-41b7-81de-70ea17c2ea25,needs_validation,SRC_BUS_GITHUB
SVC0116,Robrob Dhaka,রবরব বাস,1,Gabtoli,Banasree,18,,,https://firebasestorage.googleapis.com/v0/b/bd-bus-route-32221.appspot.com/o/buses%2F%E0%A6%B0%E0%A6%AC%E0%A6%B0%E0%A6%AC%20%E0%A6%AC%E0%A6%BE%E0%A6%B8.jpg?alt=media&token=e96b96fd-4230-4ddd-85ed-bacb3661dca9,needs_validation,SRC_BUS_GITHUB
SVC0117,Rupa Paribahan Dhaka,রুপা পরিবহন বাস,1,Gabtoli,Vashantek,9,,,https://firebasestorage.googleapis.com/v0/b/bd-bus-route-32221.appspot.com/o/buses%2F%E0%A6%B0%E0%A7%81%E0%A6%AA%E0%A6%BE%20%E0%A6%AA%E0%A6%B0%E0%A6%BF%E0%A6%AC%E0%A6%B9%E0%A6%A8%20%E0%A6%AC%E0%A6%BE%E0%A6%B8.jpg?alt=media&token=6a2ad7f1-4462-4574-9ee5-bdb3a08c50d1,needs_validation,SRC_BUS_GITHUB
SVC0118,Safety Druti,সেফটি দ্রুতি বাস,1,Mirpur 12,Azimpur,17,,,https://firebasestorage.googleapis.com/v0/b/bd-bus-route-32221.appspot.com/o/buses%2F%E0%A6%B8%E0%A7%87%E0%A6%AB%E0%A6%9F%E0%A6%BF%20%E0%A6%A6%E0%A7%8D%E0%A6%B0%E0%A7%81%E0%A6%A4%E0%A6%BF%20%E0%A6%AC%E0%A6%BE%E0%A6%B8.jpg?alt=media&token=836f0c66-263f-4045-9682-5174f39fcfbc,needs_validation,SRC_BUS_GITHUB
SVC0119,Sakalpa Transport,স্বকল্প ট্রান্সপোর্ট বাস,1,Chiriyakhana,Kamalapur,14,,5:30 am – 10:30 pm,https://firebasestorage.googleapis.com/v0/b/bd-bus-route-32221.appspot.com/o/buses%2F%E0%A6%B8%E0%A7%8D%E0%A6%AC%E0%A6%95%E0%A6%B2%E0%A7%8D%E0%A6%AA%20%E0%A6%9F%E0%A7%8D%E0%A6%B0%E0%A6%BE%E0%A6%A8%E0%A7%8D%E0%A6%B8%E0%A6%AA%E0%A7%8B%E0%A6%B0%E0%A7%8D%E0%A6%9F.jpg?alt=media&token=80b36c0c-20f5-4133-b2eb-70b37813f55e,needs_validation,SRC_BUS_GITHUB
SVC0120,Salsabil,ছালছাবিল বাস,1,Postagola,Gazipur Chourasta,33,,,https://firebasestorage.googleapis.com/v0/b/bd-bus-route-32221.appspot.com/o/buses%2F%E0%A6%9B%E0%A6%BE%E0%A6%B2%E0%A6%9B%E0%A6%BE%E0%A6%AC%E0%A6%BF%E0%A6%B2%20%E0%A6%AC%E0%A6%BE%E0%A6%B8.jpg?alt=media&token=65d283be-e3db-43c5-ba98-eb379a635b24,needs_validation,SRC_BUS_GITHUB
SVC0121,Savar Paribahan,সাভার পরিবহন বাস,1,Sadarghat,Nandan Park,26,,,https://firebasestorage.googleapis.com/v0/b/bd-bus-route-32221.appspot.com/o/buses%2F%E0%A6%B8%E0%A6%BE%E0%A6%AD%E0%A6%BE%E0%A6%B0%20%E0%A6%AA%E0%A6%B0%E0%A6%BF%E0%A6%AC%E0%A6%B9%E0%A6%A8%20%E0%A6%AC%E0%A6%BE%E0%A6%B8.jpg?alt=media&token=47cd2886-5e47-4ff7-a4c4-5c293ddb41bc,needs_validation,SRC_BUS_GITHUB
SVC0122,Shadhin,স্বাধীন বাস,1,Bosila,Demra Staff Quarter,15,,,https://firebasestorage.googleapis.com/v0/b/bd-bus-route-32221.appspot.com/o/buses%2F%E0%A6%B8%E0%A7%8D%E0%A6%AC%E0%A6%BE%E0%A6%A7%E0%A7%80%E0%A6%A8%20%E0%A6%AC%E0%A6%BE%E0%A6%B8.jpg?alt=media&token=cc96056f-87fb-4c96-b15a-e1840a756be0,needs_validation,SRC_BUS_GITHUB
SVC0123,Shadhin Express,স্বাধীন এক্সপ্রেস বাস,1,Mirpur 12,Maowa,25,,,https://firebasestorage.googleapis.com/v0/b/bd-bus-route-32221.appspot.com/o/buses%2F%E0%A6%B8%E0%A7%8D%E0%A6%AC%E0%A6%BE%E0%A6%A7%E0%A7%80%E0%A6%A8%20%E0%A6%8F%E0%A6%95%E0%A7%8D%E0%A6%B8%E0%A6%AA%E0%A7%8D%E0%A6%B0%E0%A7%87%E0%A6%B8%20%E0%A6%AC%E0%A6%BE%E0%A6%B8.jpg?alt=media&token=33038b1d-2727-4759-9351-f2545dfb307b,needs_validation,SRC_BUS_GITHUB
SVC0124,Shahria Enterprise,শাহরিয়া এন্টারপ্রাইজ বাস,1,Gabtoli,Postagola,26,,,https://firebasestorage.googleapis.com/v0/b/bd-bus-route-32221.appspot.com/o/buses%2F%E0%A6%B6%E0%A6%BE%E0%A6%B9%E0%A6%B0%E0%A6%BF%E0%A7%9F%E0%A6%BE%20%E0%A6%8F%E0%A6%A8%E0%A7%8D%E0%A6%9F%E0%A6%BE%E0%A6%B0%E0%A6%AA%E0%A7%8D%E0%A6%B0%E0%A6%BE%E0%A6%87%E0%A6%9C%20%E0%A6%AC%E0%A6%BE%E0%A6%B8.jpg?alt=media&token=a5db9840-0da5-4d0d-80b5-91c687870df8,needs_validation,SRC_BUS_GITHUB
SVC0125,Shatabdi,শতাব্দি বাস,1,Motijheel,Kamarpara,22,,,https://firebasestorage.googleapis.com/v0/b/bd-bus-route-32221.appspot.com/o/buses%2F%E0%A6%B6%E0%A6%A4%E0%A6%BE%E0%A6%AC%E0%A7%8D%E0%A6%A6%E0%A6%BF%20%E0%A6%AC%E0%A6%BE%E0%A6%B8.jpg?alt=media&token=3d4202b0-1198-4338-95ea-2b4adff0aa84,needs_validation,SRC_BUS_GITHUB
SVC0126,Shikhor Paribahan,শিকড় পরিবহন বাস,1,Mirpur 12,Jatrabari,22,,,https://firebasestorage.googleapis.com/v0/b/bd-bus-route-32221.appspot.com/o/buses%2F%E0%A6%B6%E0%A6%BF%E0%A6%95%E0%A6%A1%E0%A6%BC%20%E0%A6%AA%E0%A6%B0%E0%A6%BF%E0%A6%AC%E0%A6%B9%E0%A6%A8%20%E0%A6%AC%E0%A6%BE%E0%A6%B8.png?alt=media&token=d855e36a-67b7-4582-91fd-0a140a3c9b80,needs_validation,SRC_BUS_GITHUB
SVC0127,Shikhor Paribahan,শিকড় পরিবহন বাস,2,Jatrabari,Mirpur 12,23,,,https://firebasestorage.googleapis.com/v0/b/bd-bus-route-32221.appspot.com/o/buses%2F%E0%A6%B6%E0%A6%BF%E0%A6%95%E0%A6%A1%E0%A6%BC%20%E0%A6%AA%E0%A6%B0%E0%A6%BF%E0%A6%AC%E0%A6%B9%E0%A6%A8%20%E0%A6%AC%E0%A6%BE%E0%A6%B8.png?alt=media&token=d855e36a-67b7-4582-91fd-0a140a3c9b80,needs_validation,SRC_BUS_GITHUB
SVC0128,Suveccha,শুভেচ্ছা বাস,1,Chittagong Road,Chandra,34,,,https://firebasestorage.googleapis.com/v0/b/bd-bus-route-32221.appspot.com/o/buses%2F%E0%A6%B6%E0%A7%81%E0%A6%AD%E0%A7%87%E0%A6%9A%E0%A7%8D%E0%A6%9B%E0%A6%BE%20%E0%A6%AC%E0%A6%BE%E0%A6%B8.jpg?alt=media&token=e2e59f8f-4f15-45bf-b553-4bc7b9f3772a,needs_validation,SRC_BUS_GITHUB
SVC0129,Suvojatra Bus,শুভযাত্রা বাস,1,Fulbaria,Manikganj,24,,,https://firebasestorage.googleapis.com/v0/b/bd-bus-route-32221.appspot.com/o/buses%2F%E0%A6%B6%E0%A7%81%E0%A6%AD%E0%A6%AF%E0%A6%BE%E0%A6%A4%E0%A7%8D%E0%A6%B0%E0%A6%BE%20%E0%A6%AC%E0%A6%BE%E0%A6%B8.jpg?alt=media&token=383a9b2d-86f4-49d4-b3ad-95c7ae3dcadf,needs_validation,SRC_BUS_GITHUB
SVC0130,Siam Transport,সিয়াম ট্রান্সপোর্ট বাস,1,Banasree,Nobinagar,30,,,https://firebasestorage.googleapis.com/v0/b/bd-bus-route-32221.appspot.com/o/buses%2F%E0%A6%B8%E0%A6%BF%E0%A7%9F%E0%A6%BE%E0%A6%AE%20%E0%A6%9F%E0%A7%8D%E0%A6%B0%E0%A6%BE%E0%A6%A8%E0%A7%8D%E0%A6%B8%E0%A6%AA%E0%A7%8B%E0%A6%B0%E0%A7%8D%E0%A6%9F%20%E0%A6%AC%E0%A6%BE%E0%A6%B8.jpg?alt=media&token=daa5999a-ee90-4b92-bb73-94ea0a5ee109,needs_validation,SRC_BUS_GITHUB
SVC0131,Skyline,স্কাই লাইন বাস,1,Sadarghat,Gazipur Chourasta,32,,,https://firebasestorage.googleapis.com/v0/b/bd-bus-route-32221.appspot.com/o/buses%2F%E0%A6%B8%E0%A7%8D%E0%A6%95%E0%A6%BE%E0%A6%87%20%E0%A6%B2%E0%A6%BE%E0%A6%87%E0%A6%A8%20%E0%A6%AC%E0%A6%BE%E0%A6%B8.jpg?alt=media&token=01dc0a79-410b-4de1-8685-e154daec524e,needs_validation,SRC_BUS_GITHUB
SVC0132,Super,সুপার বাস,1,Gulistan,Nobinagar,7,,,https://firebasestorage.googleapis.com/v0/b/bd-bus-route-32221.appspot.com/o/buses%2F%E0%A6%B8%E0%A7%81%E0%A6%AA%E0%A6%BE%E0%A6%B0%20%E0%A6%AC%E0%A6%BE%E0%A6%B8.jpg?alt=media&token=379dd825-dc08-4dde-bdb1-70c340f615e2,needs_validation,SRC_BUS_GITHUB
SVC0133,Supravat,সুপ্রভাত বাস,1,Victoria Park,Tongi,31,,,https://firebasestorage.googleapis.com/v0/b/bd-bus-route-32221.appspot.com/o/buses%2F%E0%A6%B8%E0%A7%81%E0%A6%AA%E0%A7%8D%E0%A6%B0%E0%A6%AD%E0%A6%BE%E0%A6%A4%20%E0%A6%AC%E0%A6%BE%E0%A6%B8.jpg?alt=media&token=f04656d1-0f8a-46b4-820f-bc5f728f0496,needs_validation,SRC_BUS_GITHUB
SVC0134,Swajan Paribahan,স্বজন পরিবহন বাস,1,Savar,Sadarghat,23,,,https://firebasestorage.googleapis.com/v0/b/bd-bus-route-32221.appspot.com/o/buses%2F%E0%A6%B8%E0%A7%8D%E0%A6%AC%E0%A6%9C%E0%A6%A8%20%E0%A6%AA%E0%A6%B0%E0%A6%BF%E0%A6%AC%E0%A6%B9%E0%A6%A8%20%E0%A6%AC%E0%A6%BE%E0%A6%B8.jpg?alt=media&token=0cccb3e1-001b-43b9-bd31-82c3073358e0,needs_validation,SRC_BUS_GITHUB
SVC0135,Talukdar,তালুকদার বাস,1,Chiriyakhana,Chittagong Road,32,,,https://firebasestorage.googleapis.com/v0/b/bd-bus-route-32221.appspot.com/o/buses%2F%E0%A6%A4%E0%A6%BE%E0%A6%B2%E0%A7%81%E0%A6%95%E0%A6%A6%E0%A6%BE%E0%A6%B0%20%E0%A6%AC%E0%A6%BE%E0%A6%B8.jpg?alt=media&token=47a6f67b-11b4-47d4-83ac-b8bf59884cac,needs_validation,SRC_BUS_GITHUB
SVC0136,Tanjil Paribahan,তানজিল পরিবহন বাস,1,Chiriyakhana,Sadarghat,22,,5:30 am – 10:30 pm,https://firebasestorage.googleapis.com/v0/b/bd-bus-route-32221.appspot.com/o/buses%2F%E0%A6%A4%E0%A6%BE%E0%A6%A8%E0%A6%9C%E0%A6%BF%E0%A6%B2%20%E0%A6%AA%E0%A6%B0%E0%A6%BF%E0%A6%AC%E0%A6%B9%E0%A6%A8%20%E0%A6%AC%E0%A6%BE%E0%A6%B8.jpg?alt=media&token=ee8b4764-6182-423d-bae6-2830b82d25fa,needs_validation,SRC_BUS_GITHUB
SVC0137,Taranga Plus,তরঙ্গ প্লাস বাস,1,Mohammadpur Bus Stand,South Banasree,20,,,https://firebasestorage.googleapis.com/v0/b/bd-bus-route-32221.appspot.com/o/buses%2F%E0%A6%A4%E0%A6%B0%E0%A6%99%E0%A7%8D%E0%A6%97%20%E0%A6%AA%E0%A7%8D%E0%A6%B2%E0%A6%BE%E0%A6%B8%20%E0%A6%AC%E0%A6%BE%E0%A6%B8.jpg?alt=media&token=42f94b22-dae5-49b6-ba94-6dfa657989ac,needs_validation,SRC_BUS_GITHUB
SVC0138,Tetulia,তেতুলিয়া বাস,1,Shia Mosque,Abdullahpur,23,,,https://firebasestorage.googleapis.com/v0/b/bd-bus-route-32221.appspot.com/o/buses%2F%E0%A6%A4%E0%A7%87%E0%A6%A4%E0%A7%81%E0%A6%B2%E0%A6%BF%E0%A7%9F%E0%A6%BE%20%E0%A6%AC%E0%A6%BE%E0%A6%B8.jpg?alt=media&token=d56156ae-bd7e-43d9-bc28-fae883e1422f,needs_validation,SRC_BUS_GITHUB
SVC0139,Thikana,ঠিকানা বাস,1,Sign Board,Chandra,32,,,https://firebasestorage.googleapis.com/v0/b/bd-bus-route-32221.appspot.com/o/buses%2F%E0%A6%A0%E0%A6%BF%E0%A6%95%E0%A6%BE%E0%A6%A8%E0%A6%BE%20%E0%A6%AC%E0%A6%BE%E0%A6%B8.jpg?alt=media&token=8bccfd88-08a1-4aa0-8199-99f6ba8d58a8,needs_validation,SRC_BUS_GITHUB
SVC0140,Thikana Express,ঠিকানা এক্সপ্রেস বাস,1,Shonbari Sreenagar,Chandra,35,,,https://firebasestorage.googleapis.com/v0/b/bd-bus-route-32221.appspot.com/o/buses%2F%E0%A6%A0%E0%A6%BF%E0%A6%95%E0%A6%BE%E0%A6%A8%E0%A6%BE%20%E0%A6%AC%E0%A6%BE%E0%A6%B8.jpg?alt=media&token=8bccfd88-08a1-4aa0-8199-99f6ba8d58a8,needs_validation,SRC_BUS_GITHUB
SVC0141,Titas,তিতাস বাস,1,Chiriyakhana,Nobinagar Chandra,5,,,https://firebasestorage.googleapis.com/v0/b/bd-bus-route-32221.appspot.com/o/buses%2F%E0%A6%A4%E0%A6%BF%E0%A6%A4%E0%A6%BE%E0%A6%B8%20%E0%A6%AC%E0%A6%BE%E0%A6%B8.jpg?alt=media&token=3c264f96-3c4f-447b-8388-243de57399ff,needs_validation,SRC_BUS_GITHUB
SVC0142,Transilva,ট্রান্সিল্ভা বাস,1,Mirpur 1,Jatrabari,23,,,https://firebasestorage.googleapis.com/v0/b/bd-bus-route-32221.appspot.com/o/buses%2F%E0%A6%9F%E0%A7%8D%E0%A6%B0%E0%A6%BE%E0%A6%A8%E0%A7%8D%E0%A6%B8%20%E0%A6%B8%E0%A6%BF%E0%A6%B2%E0%A6%AD%E0%A6%BE%20%E0%A6%AC%E0%A6%BE%E0%A6%B8.jpg?alt=media&token=2750a085-baf1-42a8-be07-a35440d88e71,needs_validation,SRC_BUS_GITHUB
SVC0143,Trust Transport Services,ট্রাষ্ট ট্রান্সপোর্ট বাস,1,Mirpur 10,Banani,6,,,https://firebasestorage.googleapis.com/v0/b/bd-bus-route-32221.appspot.com/o/buses%2F%E0%A6%9F%E0%A7%8D%E0%A6%B0%E0%A6%BE%E0%A6%B7%E0%A7%8D%E0%A6%9F%20%E0%A6%9F%E0%A7%8D%E0%A6%B0%E0%A6%BE%E0%A6%A8%E0%A7%8D%E0%A6%B8%E0%A6%AA%E0%A7%8B%E0%A6%B0%E0%A7%8D%E0%A6%9F%20%E0%A6%AC%E0%A6%BE%E0%A6%B8.jpg?alt=media&token=8a51cd2c-873d-4f46-b45d-1f3325ad2a3d,needs_validation,SRC_BUS_GITHUB
SVC0144,Trust Transport Services,ট্রাষ্ট ট্রান্সপোর্ট বাস,2,Mirpur 10,Shahbag,11,,,https://firebasestorage.googleapis.com/v0/b/bd-bus-route-32221.appspot.com/o/buses%2F%E0%A6%9F%E0%A7%8D%E0%A6%B0%E0%A6%BE%E0%A6%B7%E0%A7%8D%E0%A6%9F%20%E0%A6%9F%E0%A7%8D%E0%A6%B0%E0%A6%BE%E0%A6%A8%E0%A7%8D%E0%A6%B8%E0%A6%AA%E0%A7%8B%E0%A6%B0%E0%A7%8D%E0%A6%9F%20%E0%A6%AC%E0%A6%BE%E0%A6%B8.jpg?alt=media&token=8a51cd2c-873d-4f46-b45d-1f3325ad2a3d,needs_validation,SRC_BUS_GITHUB
SVC0145,Trust Transport Services,ট্রাষ্ট ট্রান্সপোর্ট বাস,3,Mirpur DOHS,Motijheel,17,,,https://firebasestorage.googleapis.com/v0/b/bd-bus-route-32221.appspot.com/o/buses%2F%E0%A6%9F%E0%A7%8D%E0%A6%B0%E0%A6%BE%E0%A6%B7%E0%A7%8D%E0%A6%9F%20%E0%A6%9F%E0%A7%8D%E0%A6%B0%E0%A6%BE%E0%A6%A8%E0%A7%8D%E0%A6%B8%E0%A6%AA%E0%A7%8B%E0%A6%B0%E0%A7%8D%E0%A6%9F%20%E0%A6%AC%E0%A6%BE%E0%A6%B8.jpg?alt=media&token=8a51cd2c-873d-4f46-b45d-1f3325ad2a3d,needs_validation,SRC_BUS_GITHUB
SVC0146,Trust Transport Services,ট্রস্ট ট্রান্সপোর্ট বাস এসি,4,Mirpur DOHS,Kawran Bazar,10,,,https://firebasestorage.googleapis.com/v0/b/bd-bus-route-32221.appspot.com/o/buses%2F%E0%A6%9F%E0%A7%8D%E0%A6%B0%E0%A6%BE%E0%A6%B7%E0%A7%8D%E0%A6%9F%20%E0%A6%9F%E0%A7%8D%E0%A6%B0%E0%A6%BE%E0%A6%A8%E0%A7%8D%E0%A6%B8%E0%A6%AA%E0%A7%8B%E0%A6%B0%E0%A7%8D%E0%A6%9F%20%E0%A6%AC%E0%A6%BE%E0%A6%B8%20%E0%A6%8F%E0%A6%B8%E0%A6%BF.jpg?alt=media&token=206919a2-615d-4184-88cb-0b2d82e43294,needs_validation,SRC_BUS_GITHUB
SVC0147,Victor Classic,ভিক্টর ক্লাসিক বাস,1,Sadarghat,Diabari,30,Semi-Sitting Service(Check System),,https://firebasestorage.googleapis.com/v0/b/bd-bus-route-32221.appspot.com/o/buses%2F%E0%A6%AD%E0%A6%BF%E0%A6%95%E0%A7%8D%E0%A6%9F%E0%A6%B0%20%E0%A6%95%E0%A7%8D%E0%A6%B2%E0%A6%BE%E0%A6%B8%E0%A6%BF%E0%A6%95%20%E0%A6%AC%E0%A6%BE%E0%A6%B8.jpg?alt=media&token=7144d52a-d6b7-4bca-bc28-2d314d2f6d6b,needs_validation,SRC_BUS_GITHUB
SVC0148,Victor Paribahan,ভিক্টর পরিবহন বাস,1,Sadarghat,Kuril Bishwa Road,23,Semi-Sitting Service(Check System),6:30 am – 10:30 pm,https://firebasestorage.googleapis.com/v0/b/bd-bus-route-32221.appspot.com/o/buses%2F%E0%A6%AD%E0%A6%BF%E0%A6%95%E0%A7%8D%E0%A6%9F%E0%A6%B0%20%E0%A6%AA%E0%A6%B0%E0%A6%BF%E0%A6%AC%E0%A6%B9%E0%A6%A8%20%E0%A6%AC%E0%A6%BE%E0%A6%B8.jpg?alt=media&token=9431d61e-a6db-4865-84c5-50b4e16e6ddb,needs_validation,SRC_BUS_GITHUB
SVC0149,VIP 27,ভিআইপি ২৭ বাস,1,Azimpur,Gazipur Chourasta,22,,,https://firebasestorage.googleapis.com/v0/b/bd-bus-route-32221.appspot.com/o/buses%2F%E0%A6%AD%E0%A6%BF%E0%A6%86%E0%A6%87%E0%A6%AA%E0%A6%BF%20%E0%A7%A8%E0%A7%AD%20%E0%A6%AC%E0%A6%BE%E0%A6%B8.jpg?alt=media&token=6fe13164-f00b-4375-8a51-24450cb0081b,needs_validation,SRC_BUS_GITHUB
SVC0150,Welcome,ওয়েলকাম বাস,1,Nandan Park,Motijheel,25,,5:30 am – 10:30 pm,https://firebasestorage.googleapis.com/v0/b/bd-bus-route-32221.appspot.com/o/buses%2F%E0%A6%93%E0%A7%9F%E0%A7%87%E0%A6%B2%E0%A6%95%E0%A6%BE%E0%A6%AE%20%E0%A6%AC%E0%A6%BE%E0%A6%B8.jpg?alt=media&token=f452955c-1aad-41da-bba4-5a1b189948ec,needs_validation,SRC_BUS_GITHUB
SVC0151,Winner,উইনার বাস,1,Azimpur,Kuril Bishwa Road,24,,,https://firebasestorage.googleapis.com/v0/b/bd-bus-route-32221.appspot.com/o/buses%2F%E0%A6%89%E0%A6%87%E0%A6%A8%E0%A6%BE%E0%A6%B0%20%E0%A6%AC%E0%A6%BE%E0%A6%B8.jpg?alt=media&token=583e0b68-57b8-4396-af61-ac2f40e9c946,needs_validation,SRC_BUS_GITHUB
SVC0152,4 No. Alike Dhaka,৪নং বাস,1,Balughat,Motijheel,14,,,https://firebasestorage.googleapis.com/v0/b/bd-bus-route-32221.appspot.com/o/buses%2F%E0%A7%AA%E0%A6%A8%E0%A6%82%20%E0%A6%AC%E0%A6%BE%E0%A6%B8.jpg?alt=media&token=b765a3e2-b7c8-4c2f-89e6-620c33b35d61,needs_validation,SRC_BUS_GITHUB
SVC0153,6 No. Dhaka,৬নং বাস,1,Kamalapur,Notun Bazar,18,,,https://firebasestorage.googleapis.com/v0/b/bd-bus-route-32221.appspot.com/o/buses%2F%E0%A7%AC%E0%A6%A8%E0%A6%82%20%E0%A6%AC%E0%A6%BE%E0%A6%B8.jpg?alt=media&token=681e7262-27c3-4948-bcd3-535163f1a0be,needs_validation,SRC_BUS_GITHUB
SVC0154,6 No. Motijheel Banani Transport Dhaka,৬নং মতিঝিল বনানী ট্রান্সপোর্ট বাস,1,Kamalapur,Notun Bazar,18,,,https://firebasestorage.googleapis.com/v0/b/bd-bus-route-32221.appspot.com/o/buses%2F%E0%A7%AC%E0%A6%A8%E0%A6%82%20%E0%A6%AC%E0%A6%BE%E0%A6%B8.jpg?alt=media&token=681e7262-27c3-4948-bcd3-535163f1a0be,needs_validation,SRC_BUS_GITHUB
SVC0155,7 No. Dhaka,৭নং বাস,1,Gabtoli,Sadarghat,22,,,https://firebasestorage.googleapis.com/v0/b/bd-bus-route-32221.appspot.com/o/buses%2F%E0%A7%AD%E0%A6%A8%E0%A6%82%20%E0%A6%AC%E0%A6%BE%E0%A6%B8.jpg?alt=media&token=2eab6b2e-cc64-4fad-870c-d4e8c3af9ff1,needs_validation,SRC_BUS_GITHUB
SVC0156,8 No. Dhaka,৮নং বাস,1,Jatrabari,Gabtoli,21,,,https://firebasestorage.googleapis.com/v0/b/bd-bus-route-32221.appspot.com/o/buses%2F%E0%A7%AE%E0%A6%A8%E0%A6%82%20%E0%A6%AC%E0%A6%BE%E0%A6%B8.jpg?alt=media&token=ad9da4c7-88e3-481f-b83c-0d53d0e221d3,needs_validation,SRC_BUS_GITHUB
