source_id,title,source_type,url,source_date,reliability,recommended_use,notes
SRC_BRTA_METRO_FARES,BRTA Dhaka Metropolitan Area Bus Fare Lists,official_government,https://brta.gov.bd/pages/static-pages/6922de89933eb65569e1b600,2022-08-31 fare charts; BRTA page updated 2026-04-25,high,Official route-stop distances and Dhaka metro bus fare calculation,Uploaded ZIP contains digitized data for 112 routes. Fare charts state Tk 2.45 per passenger-km and minimum fare Tk 10.
SRC_BUS_GITHUB,Dhaka City Local Bus JSON Data,community_github,https://github.com/imamhossain94/dhaka-city-local-bus-json-data,2021-11-14 repository snapshot,medium_low,Bus operator/service names and candidate stop sequences,156 route variants. Treat as discovery data; validate current operations before production.
SRC_BUSFARE_GITHUB,Dhaka Metro Area Bus Fare List & Calculator,community_digitization_of_official_data,https://github.com/imamhossain94/dhaka-metro-area-bus-fare-list,2026 repository snapshot,medium_high,Machine-readable BRTA route/stop data,Repository README states data was digitized from official BRTA fare PDFs.
SRC_DMTCL_STATIONS,DMTCL MRT Line-6 station list,official_government,https://dmtcl.gov.bd/pages/static-pages/6922e038933eb65569e260f0,site available/updated through 2026,high,Metro station order,17 planned Line-6 stations including Kamalapur.
SRC_DMTCL_FARES,DMTCL MRT Line-6 Fare Chart,official_government,https://dmtcl.gov.bd/pages/static-pages/6922df5a933eb65569e2169f,fare policy 2023; DMTCL site current in 2026,high,Metro station-to-station fares,"Minimum fare Tk 20, maximum Tk 100; MRT/Rapid Pass receives 10% discount."
SRC_DMTCL_STATUS,DMTCL MRT Line-6 current operations/FAQ,official_government,https://dmtcl.gov.bd/site/page/2e752bbe-a0bf-4764-a4cc-fd6640db4cd6/,2026,high,Operational status,Commercial service currently runs Uttara North to Motijheel; Kamalapur extension is not used for live routing in v1.
SRC_CNG_2015,Bangladesh Government CNG Auto-rickshaw Fare Revision,official_government_uploaded_scan,,effective 2015-11-01,high_historical,Historical fare rule / verification baseline only,Uploaded gazette: first 2 km Tk 40; subsequent km Tk 12; waiting Tk 2/min; daily deposit Tk 900. Re-verify before production.
SRC_TAXI_2014,Bangladesh Gazette Taxicab Fare Revision,official_government_uploaded_scan,,2014-04-29,high_historical,Historical fare rule / verification baseline only,Uploaded gazette: first 2 km Tk 85; subsequent km Tk 34; each 0.25 km Tk 8.50; waiting per 2 minutes Tk 8.50; call charge Tk 20.
SRC_DHAKA_DIVISION_2026,Dhaka Division 51/40-seat Bus Re-fixed Fare List,official_government_uploaded_scan,,2026-04-23,high,"Regional/Dhaka-division route expansion, not Dhaka metro local fare engine",Uploaded 3-page table lists DDR-1 through DDR-38 and Tk 2.20/km; keep separate from Dhaka metro Tk 2.45/km regime.
